#,title,videoUrl,videoId,publishedAt,position
1,park walk,https://www.youtube.com/watch?v=Zm5o00sgddI&list=PLFBWgqupDy_scez7w-XB9QHQF3mgAhH3T&index=1,Zm5o00sgddI,2023-10-12T10:03:22Z,0
2,Vicetone - Barcelona Nights (Official Lyric Video),https://www.youtube.com/watch?v=OrXO1iUi-r8&list=PLFBWgqupDy_scez7w-XB9QHQF3mgAhH3T&index=2,OrXO1iUi-r8,2022-07-06T17:00:15Z,1
3,Egzod & Maestro Chives - Royalty (ft. Neoni) [Official Lyric Video],https://www.youtube.com/watch?v=lW9ep22YmlM&list=PLFBWgqupDy_scez7w-XB9QHQF3mgAhH3T&index=3,lW9ep22YmlM,2021-04-22T17:13:50Z,2
4,MISSIO - Twisted (Official Video),https://www.youtube.com/watch?v=Dp70dN6hkNM&list=PLFBWgqupDy_scez7w-XB9QHQF3mgAhH3T&index=4,Dp70dN6hkNM,2018-10-04T04:00:00Z,3
5,Welshly Arms - Indestructible (Audio),https://www.youtube.com/watch?v=RKH7Xt65e_w&list=PLFBWgqupDy_scez7w-XB9QHQF3mgAhH3T&index=5,RKH7Xt65e_w,2018-04-26T23:00:02Z,4
6,udkm,https://www.youtube.com/watch?v=fgKe5hWM_0s&list=PLFBWgqupDy_scez7w-XB9QHQF3mgAhH3T&index=6,fgKe5hWM_0s,2021-04-30T12:18:53Z,5
7,Set Fire to the Rain,https://www.youtube.com/watch?v=uJdu4Lfy8aI&list=PLFBWgqupDy_scez7w-XB9QHQF3mgAhH3T&index=7,uJdu4Lfy8aI,2020-12-15T14:27:21Z,6
8,TheFatRat & RIELL - Hiding In The Blue [Chapter 1],https://www.youtube.com/watch?v=aQzUaZGDJ80&list=PLFBWgqupDy_scez7w-XB9QHQF3mgAhH3T&index=8,aQzUaZGDJ80,2021-07-09T14:00:12Z,7
9,i don't wanna - snuffles,https://www.youtube.com/watch?v=A02vT-I4Dds&list=PLFBWgqupDy_scez7w-XB9QHQF3mgAhH3T&index=9,A02vT-I4Dds,2024-10-18T04:00:07Z,8
10,1.0_1-hellofriend.wav,https://www.youtube.com/watch?v=ef_WrLc5I2Y&list=PLFBWgqupDy_scez7w-XB9QHQF3mgAhH3T&index=10,ef_WrLc5I2Y,2020-04-04T21:38:28Z,9
11,Swinging Under The Stars [Original Song] | Lyric Video,https://www.youtube.com/watch?v=mpph5nAfy2k&list=PLFBWgqupDy_scez7w-XB9QHQF3mgAhH3T&index=11,mpph5nAfy2k,2022-01-12T17:00:11Z,10
12,7teen,https://www.youtube.com/watch?v=q7GOk-cE3mY&list=PLFBWgqupDy_scez7w-XB9QHQF3mgAhH3T&index=12,q7GOk-cE3mY,2021-04-30T12:18:52Z,11
13,THIS THOUGHT - Frizk & snuffles,https://www.youtube.com/watch?v=tc8IhElRJkA&list=PLFBWgqupDy_scez7w-XB9QHQF3mgAhH3T&index=13,tc8IhElRJkA,2024-08-01T04:00:41Z,12
14,Roadmap to Full-Stack Developer,https://www.youtube.com/watch?v=Y-sCMxUTAS4&list=PLFBWgqupDy_scez7w-XB9QHQF3mgAhH3T&index=14,Y-sCMxUTAS4,2024-05-05T07:56:33Z,13
15,The Score - Comeback (Audio),https://www.youtube.com/watch?v=e0AUz9AdxNA&list=PLFBWgqupDy_scez7w-XB9QHQF3mgAhH3T&index=15,e0AUz9AdxNA,2020-08-28T04:00:09Z,14
16,The Score - Good To be Alive (Official Visualizer),https://www.youtube.com/watch?v=yKBtyKRkgbM&list=PLFBWgqupDy_scez7w-XB9QHQF3mgAhH3T&index=16,yKBtyKRkgbM,2021-09-24T05:52:00Z,15
17,Ruelle - Bad Dream [Official Audio],https://www.youtube.com/watch?v=4NmX5vcNK6E&list=PLFBWgqupDy_scez7w-XB9QHQF3mgAhH3T&index=17,4NmX5vcNK6E,2016-08-16T23:59:07Z,16
18,"Oh The Larceny - ""Another Level"" (Official Lyric Video)",https://www.youtube.com/watch?v=R71k6bwNgIE&list=PLFBWgqupDy_scez7w-XB9QHQF3mgAhH3T&index=18,R71k6bwNgIE,2019-05-31T17:00:05Z,17
19,The Score - Alarm (Official Lyric Video),https://www.youtube.com/watch?v=eQhbeUq_NOo&list=PLFBWgqupDy_scez7w-XB9QHQF3mgAhH3T&index=19,eQhbeUq_NOo,2021-10-22T04:00:16Z,18
20,LIVE LIKE LEGENDS,https://www.youtube.com/watch?v=UqX6GZ2nz88&list=PLFBWgqupDy_scez7w-XB9QHQF3mgAhH3T&index=20,UqX6GZ2nz88,2016-01-16T18:08:40Z,19
21,Ready Set Let's Go,https://www.youtube.com/watch?v=50stcfV5fmA&list=PLFBWgqupDy_scez7w-XB9QHQF3mgAhH3T&index=21,50stcfV5fmA,2021-09-29T14:18:40Z,20
22,Poe the Passenger - HOLOGRAM [Official Lyric Video] (Visualizer),https://www.youtube.com/watch?v=TftppKLlvxQ&list=PLFBWgqupDy_scez7w-XB9QHQF3mgAhH3T&index=22,TftppKLlvxQ,2023-02-18T01:00:22Z,21
23,Imagine Dragons - I'm So Sorry (Official Lyric Video),https://www.youtube.com/watch?v=78El9Q-_WzU&list=PLFBWgqupDy_scez7w-XB9QHQF3mgAhH3T&index=23,78El9Q-_WzU,2025-02-21T05:00:06Z,22
24,The Score - Top Of The World (Official Lyric Video),https://www.youtube.com/watch?v=sjLRh-QPM9c&list=PLFBWgqupDy_scez7w-XB9QHQF3mgAhH3T&index=24,sjLRh-QPM9c,2021-08-20T04:00:01Z,23
25,The Score - Victorious (Official Lyric Video),https://www.youtube.com/watch?v=Kj5Vzg21WnI&list=PLFBWgqupDy_scez7w-XB9QHQF3mgAhH3T&index=25,Kj5Vzg21WnI,2021-06-25T07:00:07Z,24
26,Outskrts - LET'S DO THIS (Official Audio),https://www.youtube.com/watch?v=RdZKkzp5RM4&list=PLFBWgqupDy_scez7w-XB9QHQF3mgAhH3T&index=26,RdZKkzp5RM4,2022-05-21T02:26:49Z,25
27,Wish You the Worst,https://www.youtube.com/watch?v=-UybJnQ2hIw&list=PLFBWgqupDy_scez7w-XB9QHQF3mgAhH3T&index=27,-UybJnQ2hIw,2024-05-01T20:28:49Z,26
28,The Score - Gallows (Audio) ft. Jamie N Commons,https://www.youtube.com/watch?v=3wZllhP3FZo&list=PLFBWgqupDy_scez7w-XB9QHQF3mgAhH3T&index=28,3wZllhP3FZo,2020-08-28T04:00:02Z,27
29,Lemaitre - Closer (UK Version) ft. Jennie A.,https://www.youtube.com/watch?v=eS_korRhTDk&list=PLFBWgqupDy_scez7w-XB9QHQF3mgAhH3T&index=29,eS_korRhTDk,2016-04-26T03:59:01Z,28
30,Tom Walker - Leave a Light On (Official Video),https://www.youtube.com/watch?v=nqnkBdExjws&list=PLFBWgqupDy_scez7w-XB9QHQF3mgAhH3T&index=30,nqnkBdExjws,2017-10-13T07:00:04Z,29
31,The Score - Breakout (Audio),https://www.youtube.com/watch?v=PE75F4ynC_U&list=PLFBWgqupDy_scez7w-XB9QHQF3mgAhH3T&index=31,PE75F4ynC_U,2020-08-28T04:00:04Z,30
32,Monster,https://www.youtube.com/watch?v=cjfWeaPkNoI&list=PLFBWgqupDy_scez7w-XB9QHQF3mgAhH3T&index=32,cjfWeaPkNoI,2024-10-16T14:19:18Z,31
33,Imagine Dragons - Whatever It Takes (Official Music Video),https://www.youtube.com/watch?v=gOsM-DYAEhY&list=PLFBWgqupDy_scez7w-XB9QHQF3mgAhH3T&index=33,gOsM-DYAEhY,2017-10-12T16:00:06Z,32
34,The Score - Can't Stop Me Now (Lyric Video),https://www.youtube.com/watch?v=ZRRt8EyYNvg&list=PLFBWgqupDy_scez7w-XB9QHQF3mgAhH3T&index=34,ZRRt8EyYNvg,2019-08-09T04:00:07Z,33
35,Sleeping Wolf - Freaks Like Us - Official Lyric Video,https://www.youtube.com/watch?v=zh-4r6bmiPI&list=PLFBWgqupDy_scez7w-XB9QHQF3mgAhH3T&index=35,zh-4r6bmiPI,2018-10-31T06:58:37Z,34
36,Imagine Dragons - Roots,https://www.youtube.com/watch?v=PscXGpsF3dY&list=PLFBWgqupDy_scez7w-XB9QHQF3mgAhH3T&index=36,PscXGpsF3dY,2015-09-29T20:00:01Z,35
37,The Score - Revolution (Official Audio),https://www.youtube.com/watch?v=b99r48grKGI&list=PLFBWgqupDy_scez7w-XB9QHQF3mgAhH3T&index=37,b99r48grKGI,2017-02-03T05:00:01Z,36
38,The Score - Stay (Lyric Video),https://www.youtube.com/watch?v=yRz6LBiyMWQ&list=PLFBWgqupDy_scez7w-XB9QHQF3mgAhH3T&index=38,yRz6LBiyMWQ,2019-06-10T04:00:04Z,37
39,The Score - Money Run Low (Official Audio),https://www.youtube.com/watch?v=facc6KUJYcM&list=PLFBWgqupDy_scez7w-XB9QHQF3mgAhH3T&index=39,facc6KUJYcM,2017-03-02T05:00:02Z,38
40,The Score - Best Part,https://www.youtube.com/watch?v=GXDNMinUPXc&list=PLFBWgqupDy_scez7w-XB9QHQF3mgAhH3T&index=40,GXDNMinUPXc,2020-04-24T04:00:11Z,39
41,Going Home,https://www.youtube.com/watch?v=q9eYpRB9zok&list=PLFBWgqupDy_scez7w-XB9QHQF3mgAhH3T&index=41,q9eYpRB9zok,2018-07-29T00:31:00Z,40
42,The Score - The Heat (Official Audio),https://www.youtube.com/watch?v=InAaCKqUmjE&list=PLFBWgqupDy_scez7w-XB9QHQF3mgAhH3T&index=42,InAaCKqUmjE,2017-04-03T04:00:02Z,41
43,The Score - Deep End (Official Lyric Video),https://www.youtube.com/watch?v=rwvs9jUPMps&list=PLFBWgqupDy_scez7w-XB9QHQF3mgAhH3T&index=43,rwvs9jUPMps,2023-12-01T05:00:44Z,42
44,The Score - Who I Am (Official Audio),https://www.youtube.com/watch?v=MwtvktjEuOM&list=PLFBWgqupDy_scez7w-XB9QHQF3mgAhH3T&index=44,MwtvktjEuOM,2017-10-13T04:00:02Z,43
45,BAD BUNNY - MONACO (Official Video) | nadie sabe lo que va a pasar mañana,https://www.youtube.com/watch?v=_PJvpq8uOZM&list=PLFBWgqupDy_scez7w-XB9QHQF3mgAhH3T&index=45,_PJvpq8uOZM,2023-10-13T16:00:09Z,44
46,Ocean of Memories,https://www.youtube.com/watch?v=0WykZs55UjA&list=PLFBWgqupDy_scez7w-XB9QHQF3mgAhH3T&index=46,0WykZs55UjA,2023-09-27T20:03:55Z,45
47,WORLD RESET,https://www.youtube.com/watch?v=uAYE2tqkISA&list=PLFBWgqupDy_scez7w-XB9QHQF3mgAhH3T&index=47,uAYE2tqkISA,2024-05-24T12:09:03Z,46
48,TICKING (SLOWED Version),https://www.youtube.com/watch?v=6T72Aq2IUXM&list=PLFBWgqupDy_scez7w-XB9QHQF3mgAhH3T&index=48,6T72Aq2IUXM,2023-07-12T22:58:56Z,47
49,The Score - Stronger,https://www.youtube.com/watch?v=cNld-AHw-Wg&list=PLFBWgqupDy_scez7w-XB9QHQF3mgAhH3T&index=49,cNld-AHw-Wg,2018-10-05T04:00:03Z,48
50,ivycomb - Soul Astray (Official Lyric Video),https://www.youtube.com/watch?v=Uq4Jees1sik&list=PLFBWgqupDy_scez7w-XB9QHQF3mgAhH3T&index=50,Uq4Jees1sik,2021-09-23T02:00:14Z,49
51,ILKAY SENCAN & DYNORO - ROCKSTAR ♛,https://www.youtube.com/watch?v=sBugnmrF3G8&list=PLFBWgqupDy_scez7w-XB9QHQF3mgAhH3T&index=51,sBugnmrF3G8,2017-12-27T16:21:30Z,50
52,TheFatRat - Rise Up,https://www.youtube.com/watch?v=j-2DGYNXRx0&list=PLFBWgqupDy_scez7w-XB9QHQF3mgAhH3T&index=52,j-2DGYNXRx0,2019-10-25T14:00:12Z,51
53,The Score - In My Blood (Official Visualizer),https://www.youtube.com/watch?v=8Zc4EjdYHjk&list=PLFBWgqupDy_scez7w-XB9QHQF3mgAhH3T&index=53,8Zc4EjdYHjk,2022-03-18T04:00:34Z,52
54,Lemaitre - Higher (feat. Maty Noyes),https://www.youtube.com/watch?v=_-k3YtOu9IA&list=PLFBWgqupDy_scez7w-XB9QHQF3mgAhH3T&index=54,_-k3YtOu9IA,2017-05-20T15:00:18Z,53
55,"The Score, 2WEI - Down With The Wolves (Lyric Video)",https://www.youtube.com/watch?v=uhXW7eqF_SQ&list=PLFBWgqupDy_scez7w-XB9QHQF3mgAhH3T&index=55,uhXW7eqF_SQ,2024-03-22T04:00:38Z,54
56,The Score - Don't Need A Hero (Official Lyric Video),https://www.youtube.com/watch?v=ruw2woPI-fg&list=PLFBWgqupDy_scez7w-XB9QHQF3mgAhH3T&index=56,ruw2woPI-fg,2024-07-12T04:00:38Z,55
57,The Score - Survivor (Lyric Video),https://www.youtube.com/watch?v=RyBDRS39G_w&list=PLFBWgqupDy_scez7w-XB9QHQF3mgAhH3T&index=57,RyBDRS39G_w,2024-01-26T05:00:15Z,56
58,Final Space Official Soundtrack | When the Night is Long (feat. Shelby Merry) | WaterTower,https://www.youtube.com/watch?v=pwauF7_kWA4&list=PLFBWgqupDy_scez7w-XB9QHQF3mgAhH3T&index=58,pwauF7_kWA4,2020-08-11T06:56:19Z,57
59,The Score - Bulletproof (Audio) ft. XYLØ,https://www.youtube.com/watch?v=BH8pv4Iht8g&list=PLFBWgqupDy_scez7w-XB9QHQF3mgAhH3T&index=59,BH8pv4Iht8g,2019-12-13T05:00:05Z,58
60,The Score - Big Dreams ft. FITZ (Official Lyric Video),https://www.youtube.com/watch?v=w1TVH5xsMl8&list=PLFBWgqupDy_scez7w-XB9QHQF3mgAhH3T&index=60,w1TVH5xsMl8,2021-12-10T05:00:32Z,59
61,Short Circuit,https://www.youtube.com/watch?v=nAy026C6MCk&list=PLFBWgqupDy_scez7w-XB9QHQF3mgAhH3T&index=61,nAy026C6MCk,2016-08-01T11:38:02Z,60
62,Anonymous,https://www.youtube.com/watch?v=PALvUUJW57k&list=PLFBWgqupDy_scez7w-XB9QHQF3mgAhH3T&index=62,PALvUUJW57k,2016-07-16T07:33:24Z,61
63,updog - taking a stand,https://www.youtube.com/watch?v=bCLOleFepWA&list=PLFBWgqupDy_scez7w-XB9QHQF3mgAhH3T&index=63,bCLOleFepWA,2022-03-09T16:27:02Z,62
64,Imagine Dragons x J.I.D - Enemy (from the series Arcane League of Legends),https://www.youtube.com/watch?v=D9G1VOjN_84&list=PLFBWgqupDy_scez7w-XB9QHQF3mgAhH3T&index=64,D9G1VOjN_84,2021-10-28T11:00:09Z,63
65,Welshly Arms - Legendary,https://www.youtube.com/watch?v=Z2CZn966cUg&list=PLFBWgqupDy_scez7w-XB9QHQF3mgAhH3T&index=65,Z2CZn966cUg,2017-06-26T10:21:43Z,64
66,Kygo - Stay ft. Maty Noyes (Official Lyric Video),https://www.youtube.com/watch?v=WUG2guLUtuo&list=PLFBWgqupDy_scez7w-XB9QHQF3mgAhH3T&index=66,WUG2guLUtuo,2015-12-04T08:00:01Z,65
67,twenty one pilots: Goner,https://www.youtube.com/watch?v=YgmgFLV0fp4&list=PLFBWgqupDy_scez7w-XB9QHQF3mgAhH3T&index=67,YgmgFLV0fp4,2012-02-11T18:48:17Z,66
68,XXXTENTACION - Jocelyn Flores (Audio),https://www.youtube.com/watch?v=FAucVNRx_mU&list=PLFBWgqupDy_scez7w-XB9QHQF3mgAhH3T&index=68,FAucVNRx_mU,2017-08-25T16:38:44Z,67
69,The Score - Power (Official),https://www.youtube.com/watch?v=6sl7rTwPJuo&list=PLFBWgqupDy_scez7w-XB9QHQF3mgAhH3T&index=69,6sl7rTwPJuo,2024-05-17T04:00:10Z,68
70,"CULT OF THE LAMB SONG ""Violence of the Lamb"" (feat. @Freeced, @FinnMK & @OxygenBeats)",https://www.youtube.com/watch?v=glNgrPk9jOY&list=PLFBWgqupDy_scez7w-XB9QHQF3mgAhH3T&index=70,glNgrPk9jOY,2023-09-29T14:00:27Z,69
71,green to blue (slowed + reverbed),https://www.youtube.com/watch?v=B5u_DV1_NM0&list=PLFBWgqupDy_scez7w-XB9QHQF3mgAhH3T&index=71,B5u_DV1_NM0,2022-10-05T10:08:16Z,70
72,So Let Me Go,https://www.youtube.com/watch?v=BS5AdzHMrv0&list=PLFBWgqupDy_scez7w-XB9QHQF3mgAhH3T&index=72,BS5AdzHMrv0,2023-11-11T10:03:24Z,71
73,Galaxy,https://www.youtube.com/watch?v=ZGIMoV4RPkQ&list=PLFBWgqupDy_scez7w-XB9QHQF3mgAhH3T&index=73,ZGIMoV4RPkQ,2023-02-23T10:02:33Z,72
74,Verplex - On My Way,https://www.youtube.com/watch?v=Hh3DltMkTeU&list=PLFBWgqupDy_scez7w-XB9QHQF3mgAhH3T&index=74,Hh3DltMkTeU,2022-03-18T07:00:08Z,73
75,Liquid Gold,https://www.youtube.com/watch?v=hcr5FREFt30&list=PLFBWgqupDy_scez7w-XB9QHQF3mgAhH3T&index=75,hcr5FREFt30,2023-08-04T10:00:40Z,74
76,Just a Little Better - snuffles,https://www.youtube.com/watch?v=pi65NU1Qhzs&list=PLFBWgqupDy_scez7w-XB9QHQF3mgAhH3T&index=76,pi65NU1Qhzs,2023-05-01T04:01:00Z,75
77,too late - snuffles,https://www.youtube.com/watch?v=pEtcyFBysAg&list=PLFBWgqupDy_scez7w-XB9QHQF3mgAhH3T&index=77,pEtcyFBysAg,2022-01-06T01:01:43Z,76
78,a cat walks into a bar,https://www.youtube.com/watch?v=zW9TGWsGfDg&list=PLFBWgqupDy_scez7w-XB9QHQF3mgAhH3T&index=78,zW9TGWsGfDg,2024-09-25T09:17:02Z,77
79,Verplex - Bean,https://www.youtube.com/watch?v=S2xcpKl0k98&list=PLFBWgqupDy_scez7w-XB9QHQF3mgAhH3T&index=79,S2xcpKl0k98,2021-12-02T20:00:10Z,78
80,NOTORIOUS,https://www.youtube.com/watch?v=Mvik9CTsNrA&list=PLFBWgqupDy_scez7w-XB9QHQF3mgAhH3T&index=80,Mvik9CTsNrA,2023-10-03T17:00:06Z,79
81,Seven Run - snuffles,https://www.youtube.com/watch?v=vTc0eldSVkA&list=PLFBWgqupDy_scez7w-XB9QHQF3mgAhH3T&index=81,vTc0eldSVkA,2022-06-01T04:00:30Z,80
82,Verplex - My Future,https://www.youtube.com/watch?v=yKsOFf4F3wg&list=PLFBWgqupDy_scez7w-XB9QHQF3mgAhH3T&index=82,yKsOFf4F3wg,2022-09-12T06:40:39Z,81
83,It's Normal,https://www.youtube.com/watch?v=cze5GFVR9O0&list=PLFBWgqupDy_scez7w-XB9QHQF3mgAhH3T&index=83,cze5GFVR9O0,2020-09-27T19:30:01Z,82
84,Verplex - Never Too Late,https://www.youtube.com/watch?v=qREZFPu543k&list=PLFBWgqupDy_scez7w-XB9QHQF3mgAhH3T&index=84,qREZFPu543k,2021-05-20T19:00:14Z,83
85,"Cosmic Critters Song - ""TOKYO"" by ivycomb [MRSHLMusic Remix]",https://www.youtube.com/watch?v=Y-UPgQOt874&list=PLFBWgqupDy_scez7w-XB9QHQF3mgAhH3T&index=85,Y-UPgQOt874,2022-11-06T05:00:10Z,84
86,SAHARA,https://www.youtube.com/watch?v=VQywoIhcNC8&list=PLFBWgqupDy_scez7w-XB9QHQF3mgAhH3T&index=86,VQywoIhcNC8,2024-02-23T18:00:08Z,85
87,Verplex - Green N Purple,https://www.youtube.com/watch?v=z1IdaICQ8OY&list=PLFBWgqupDy_scez7w-XB9QHQF3mgAhH3T&index=87,z1IdaICQ8OY,2022-05-07T21:21:14Z,86
88,Fishcracks - Start Again,https://www.youtube.com/watch?v=l5UDuAAoZrk&list=PLFBWgqupDy_scez7w-XB9QHQF3mgAhH3T&index=88,l5UDuAAoZrk,2022-10-21T21:00:10Z,87
89,[TW] Top 10 Things To Do Before You Die (Censored),https://www.youtube.com/watch?v=Wiikal1slEI&list=PLFBWgqupDy_scez7w-XB9QHQF3mgAhH3T&index=89,Wiikal1slEI,2022-04-07T14:38:56Z,88
90,kennyoung & YonKaGor - Trash Talkin',https://www.youtube.com/watch?v=ncIEgkCN_VM&list=PLFBWgqupDy_scez7w-XB9QHQF3mgAhH3T&index=90,ncIEgkCN_VM,2023-04-25T14:30:07Z,89
91,You'll Be Gone,https://www.youtube.com/watch?v=IZyz9Nsaio0&list=PLFBWgqupDy_scez7w-XB9QHQF3mgAhH3T&index=91,IZyz9Nsaio0,2021-01-17T21:00:10Z,90
92,Memory Merge,https://www.youtube.com/watch?v=lgzCxqQUU5g&list=PLFBWgqupDy_scez7w-XB9QHQF3mgAhH3T&index=92,lgzCxqQUU5g,2024-05-20T15:00:06Z,91
93,Verplex - BetaEtaDelota,https://www.youtube.com/watch?v=X0xlwmmChss&list=PLFBWgqupDy_scez7w-XB9QHQF3mgAhH3T&index=93,X0xlwmmChss,2018-06-07T08:07:01Z,92
94,Polaroid,https://www.youtube.com/watch?v=WbNW7QRe3gg&list=PLFBWgqupDy_scez7w-XB9QHQF3mgAhH3T&index=94,WbNW7QRe3gg,2023-02-22T06:40:05Z,93
95,You're Just Like Pop Music (Instrumental),https://www.youtube.com/watch?v=lp_Gf7E6y44&list=PLFBWgqupDy_scez7w-XB9QHQF3mgAhH3T&index=95,lp_Gf7E6y44,2021-09-28T10:02:10Z,94
96,Sing For The Void [Original Song] | Lyric Video,https://www.youtube.com/watch?v=80ezKLZMlhs&list=PLFBWgqupDy_scez7w-XB9QHQF3mgAhH3T&index=96,80ezKLZMlhs,2021-08-23T16:00:12Z,95
97,[Official Release] Ardolf - (execute.),https://www.youtube.com/watch?v=LJrTObZjVZg&list=PLFBWgqupDy_scez7w-XB9QHQF3mgAhH3T&index=97,LJrTObZjVZg,2023-05-06T14:00:10Z,96
98,ANTIHUMAN,https://www.youtube.com/watch?v=jtnoDnOo_nE&list=PLFBWgqupDy_scez7w-XB9QHQF3mgAhH3T&index=98,jtnoDnOo_nE,2023-08-26T00:30:08Z,97
99,"[Deluxe] Sweet Little Lies - ivycomb, Shwabadi in Beatstar (Original by bülow)",https://www.youtube.com/watch?v=dTq5_sSFQ4g&list=PLFBWgqupDy_scez7w-XB9QHQF3mgAhH3T&index=99,dTq5_sSFQ4g,2024-02-01T17:13:30Z,98
100,Silly Plans ~ Revisit,https://www.youtube.com/watch?v=MeVua6hDt8k&list=PLFBWgqupDy_scez7w-XB9QHQF3mgAhH3T&index=100,MeVua6hDt8k,2023-12-05T16:00:07Z,99
101,No Eternity (Alternate Mix),https://www.youtube.com/watch?v=-iWQ_Rcr2og&list=PLFBWgqupDy_scez7w-XB9QHQF3mgAhH3T&index=101,-iWQ_Rcr2og,2024-03-25T10:00:00Z,100
102,Fratricide,https://www.youtube.com/watch?v=txeHnnCj9Ow&list=PLFBWgqupDy_scez7w-XB9QHQF3mgAhH3T&index=102,txeHnnCj9Ow,2024-04-24T18:01:17Z,101
103,Styx - Mr. Roboto (Official Video),https://www.youtube.com/watch?v=uc6f_2nPSX8&list=PLFBWgqupDy_scez7w-XB9QHQF3mgAhH3T&index=103,uc6f_2nPSX8,2017-08-10T18:50:52Z,102
104,SmileMoonZ & RISK - Nova (RISK VIP),https://www.youtube.com/watch?v=ob7qOtS5sZ8&list=PLFBWgqupDy_scez7w-XB9QHQF3mgAhH3T&index=104,ob7qOtS5sZ8,2024-06-17T18:56:16Z,103
105,DATA_REJECT,https://www.youtube.com/watch?v=eJLbw0Oq2S8&list=PLFBWgqupDy_scez7w-XB9QHQF3mgAhH3T&index=105,eJLbw0Oq2S8,2024-06-03T22:00:06Z,104
106,The Score - Head Up (Official Lyric Video),https://www.youtube.com/watch?v=zslGmkDnejQ&list=PLFBWgqupDy_scez7w-XB9QHQF3mgAhH3T&index=106,zslGmkDnejQ,2021-07-23T04:07:18Z,105
107,The Score - On And On (Official Audio),https://www.youtube.com/watch?v=I5wHdUT2a_s&list=PLFBWgqupDy_scez7w-XB9QHQF3mgAhH3T&index=107,I5wHdUT2a_s,2016-03-01T08:00:00Z,106
108,The Score - Enemies (Official Lyric Video),https://www.youtube.com/watch?v=LAjiTn5t78U&list=PLFBWgqupDy_scez7w-XB9QHQF3mgAhH3T&index=108,LAjiTn5t78U,2022-01-14T05:00:07Z,107
109,The Score - Fighter (Official Visualizer),https://www.youtube.com/watch?v=PpjdTwQwWWY&list=PLFBWgqupDy_scez7w-XB9QHQF3mgAhH3T&index=109,PpjdTwQwWWY,2022-03-18T04:00:26Z,108
110,Coldplay - Viva La Vida (Official Video),https://www.youtube.com/watch?v=dvgZkm1xWPE&list=PLFBWgqupDy_scez7w-XB9QHQF3mgAhH3T&index=110,dvgZkm1xWPE,2008-08-04T09:36:03Z,109
111,Lost Sky - Lost | Trap | NCS - Copyright Free Music,https://www.youtube.com/watch?v=h-nHdqC3pPs&list=PLFBWgqupDy_scez7w-XB9QHQF3mgAhH3T&index=111,h-nHdqC3pPs,2017-10-26T16:07:15Z,110
112,"Cult of the Lamb Song - ""Fool's Gold"" by ivycomb",https://www.youtube.com/watch?v=r37UXmf4E3s&list=PLFBWgqupDy_scez7w-XB9QHQF3mgAhH3T&index=112,r37UXmf4E3s,2023-04-06T17:00:11Z,111
113,too late 2 - snuffles,https://www.youtube.com/watch?v=njowoGhmw6E&list=PLFBWgqupDy_scez7w-XB9QHQF3mgAhH3T&index=113,njowoGhmw6E,2022-10-01T04:00:31Z,112
114,SPIDER BITES,https://www.youtube.com/watch?v=TNoKlL90cCo&list=PLFBWgqupDy_scez7w-XB9QHQF3mgAhH3T&index=114,TNoKlL90cCo,2023-11-30T18:00:07Z,113
115,Fallacy,https://www.youtube.com/watch?v=2jPmJShS4jY&list=PLFBWgqupDy_scez7w-XB9QHQF3mgAhH3T&index=115,2jPmJShS4jY,2022-11-05T15:00:07Z,114
116,Fall End Sea - snuffles,https://www.youtube.com/watch?v=_dMbSHwtKk8&list=PLFBWgqupDy_scez7w-XB9QHQF3mgAhH3T&index=116,_dMbSHwtKk8,2023-05-01T04:00:26Z,115
117,But Here I Am - snuffles,https://www.youtube.com/watch?v=WhCfDly6a4Y&list=PLFBWgqupDy_scez7w-XB9QHQF3mgAhH3T&index=117,WhCfDly6a4Y,2023-05-01T04:02:00Z,116
118,vowl. x kol - cry,https://www.youtube.com/watch?v=2LA9kQvN8Pg&list=PLFBWgqupDy_scez7w-XB9QHQF3mgAhH3T&index=118,2LA9kQvN8Pg,2024-02-23T22:20:57Z,117
119,"Cult of the Lamb Song - ""I Won't Submit"" by ivycomb",https://www.youtube.com/watch?v=kYELWX1fu18&list=PLFBWgqupDy_scez7w-XB9QHQF3mgAhH3T&index=119,kYELWX1fu18,2022-08-25T21:45:10Z,118
120,QubeSounds - Epic Dramatic Action Trailer | Epic Awesome Music 2023,https://www.youtube.com/watch?v=UNX77Hw4zBs&list=PLFBWgqupDy_scez7w-XB9QHQF3mgAhH3T&index=120,UNX77Hw4zBs,2022-10-25T10:40:18Z,119
121,Feed the Machine,https://www.youtube.com/watch?v=BlnVP2_dIb4&list=PLFBWgqupDy_scez7w-XB9QHQF3mgAhH3T&index=121,BlnVP2_dIb4,2023-03-28T15:54:10Z,120
122,New Kings,https://www.youtube.com/watch?v=iU_HbRtZSbI&list=PLFBWgqupDy_scez7w-XB9QHQF3mgAhH3T&index=122,iU_HbRtZSbI,2017-08-10T12:13:30Z,121
123,Ruelle - Empires [Official Audio],https://www.youtube.com/watch?v=DjkJ7SUe-4o&list=PLFBWgqupDy_scez7w-XB9QHQF3mgAhH3T&index=123,DjkJ7SUe-4o,2018-08-03T04:50:37Z,122
124,"Cult of the Lamb Song - ""False Idol"" by ivycomb",https://www.youtube.com/watch?v=kJNCdaKPZg4&list=PLFBWgqupDy_scez7w-XB9QHQF3mgAhH3T&index=124,kJNCdaKPZg4,2022-09-20T17:00:11Z,123
125,Avicii - The Nights,https://www.youtube.com/watch?v=UtF6Jej8yb4&list=PLFBWgqupDy_scez7w-XB9QHQF3mgAhH3T&index=125,UtF6Jej8yb4,2014-12-15T17:00:05Z,124
126,Deleted video,https://www.youtube.com/watch?v=K_e8whEQ4b4&list=PLFBWgqupDy_scez7w-XB9QHQF3mgAhH3T&index=126,K_e8whEQ4b4,,125
127,TWISTED - WORTH NOTHING (ft. Oliver Tree) [Drift Music Video] from the Fast & Furious Phonk Mixtape,https://www.youtube.com/watch?v=neOQ8s60sHU&list=PLFBWgqupDy_scez7w-XB9QHQF3mgAhH3T&index=127,neOQ8s60sHU,2022-12-16T05:00:07Z,126
128,Runaway,https://www.youtube.com/watch?v=wkCHFlP1tR4&list=PLFBWgqupDy_scez7w-XB9QHQF3mgAhH3T&index=128,wkCHFlP1tR4,2023-08-02T07:30:14Z,127
129,Alok & Ava Max – Car Keys (Ayla) Official Video,https://www.youtube.com/watch?v=ah8W-mx_Q-g&list=PLFBWgqupDy_scez7w-XB9QHQF3mgAhH3T&index=129,ah8W-mx_Q-g,2023-07-19T15:00:08Z,128
130,Won't Go - snuffles,https://www.youtube.com/watch?v=UG1HUOyL9IA&list=PLFBWgqupDy_scez7w-XB9QHQF3mgAhH3T&index=130,UG1HUOyL9IA,2021-11-01T04:00:15Z,129
131,League of Legends -  Piercing Light (Epic Music Video),https://www.youtube.com/watch?v=qFS_Ot7Mmiw&list=PLFBWgqupDy_scez7w-XB9QHQF3mgAhH3T&index=131,qFS_Ot7Mmiw,2019-06-07T09:36:35Z,130
132,Egzod & Maestro Chives - Royalty (ft. Neoni) [Official Lyric Video],https://www.youtube.com/watch?v=lW9ep22YmlM&list=PLFBWgqupDy_scez7w-XB9QHQF3mgAhH3T&index=132,lW9ep22YmlM,2021-04-22T17:13:50Z,131
133,Ticking Away ft. Grabbitz & bbno$ (Official Music Video) // VALORANT Champions 2023 Anthem,https://www.youtube.com/watch?v=CdZN8PI3MqM&list=PLFBWgqupDy_scez7w-XB9QHQF3mgAhH3T&index=133,CdZN8PI3MqM,2023-07-31T14:00:07Z,132
134,Sleepwalker (Slowed),https://www.youtube.com/watch?v=cLupeDNMauk&list=PLFBWgqupDy_scez7w-XB9QHQF3mgAhH3T&index=134,cLupeDNMauk,2023-07-13T15:48:40Z,133
135,Joshua Lanuarii & kittydog - against my shell (Official Visualizer),https://www.youtube.com/watch?v=j2zpMo6AN1g&list=PLFBWgqupDy_scez7w-XB9QHQF3mgAhH3T&index=135,j2zpMo6AN1g,2020-12-12T05:00:11Z,134
136,die (sped up),https://www.youtube.com/watch?v=f2wYQA1iAy8&list=PLFBWgqupDy_scez7w-XB9QHQF3mgAhH3T&index=136,f2wYQA1iAy8,2023-03-02T10:03:45Z,135
137,Unknown Brain - Superhero (feat. Chris Linton) | Trap | NCS - Copyright Free Music,https://www.youtube.com/watch?v=LHvYrn3FAgI&list=PLFBWgqupDy_scez7w-XB9QHQF3mgAhH3T&index=137,LHvYrn3FAgI,2016-11-27T16:17:30Z,136
138,Wonka 2023 - Pure Imagination - Timothée Chalamet,https://www.youtube.com/watch?v=O9Hngn4Zcbk&list=PLFBWgqupDy_scez7w-XB9QHQF3mgAhH3T&index=138,O9Hngn4Zcbk,2024-02-02T09:02:41Z,137
139,Aleph (Sped Up),https://www.youtube.com/watch?v=q7mM77D6ME0&list=PLFBWgqupDy_scez7w-XB9QHQF3mgAhH3T&index=139,q7mM77D6ME0,2023-12-29T20:49:16Z,138
140,"Dream, Yung Gravy - Everest (Official Music Video)",https://www.youtube.com/watch?v=wRG6xaLkALI&list=PLFBWgqupDy_scez7w-XB9QHQF3mgAhH3T&index=140,wRG6xaLkALI,2023-08-09T23:00:07Z,139
141,Overwhelmed - (Ryan Mack Remix),https://www.youtube.com/watch?v=BcMwQPYYKec&list=PLFBWgqupDy_scez7w-XB9QHQF3mgAhH3T&index=141,BcMwQPYYKec,2021-03-24T19:00:06Z,140
142,Verplex - Colors,https://www.youtube.com/watch?v=TVhBWBPmT5w&list=PLFBWgqupDy_scez7w-XB9QHQF3mgAhH3T&index=142,TVhBWBPmT5w,2021-07-31T19:00:10Z,141
143,"Cult of the Lamb Song - ""Sheep to Goat"" Remix by ivycomb ft. Shwabadi",https://www.youtube.com/watch?v=I7RwP8ItO1M&list=PLFBWgqupDy_scez7w-XB9QHQF3mgAhH3T&index=143,I7RwP8ItO1M,2022-10-14T17:00:11Z,142
144,"ZWE1HVNDXR, yatashigang - LOVELY BASTARDS",https://www.youtube.com/watch?v=_G0zUqdDdoo&list=PLFBWgqupDy_scez7w-XB9QHQF3mgAhH3T&index=144,_G0zUqdDdoo,2023-08-24T21:00:14Z,143
145,TOKYO DRIFT,https://www.youtube.com/watch?v=F89JBfMZG5E&list=PLFBWgqupDy_scez7w-XB9QHQF3mgAhH3T&index=145,F89JBfMZG5E,2021-09-23T22:32:38Z,144
146,"The Chainsmokers, bludnymph - Self Destruction Mode (Official Video)",https://www.youtube.com/watch?v=DrKA7sKOhws&list=PLFBWgqupDy_scez7w-XB9QHQF3mgAhH3T&index=146,DrKA7sKOhws,2023-06-02T04:00:10Z,145
147,Teminite & PsoGnar - Rally The Troops,https://www.youtube.com/watch?v=tl6Tme4yEfE&list=PLFBWgqupDy_scez7w-XB9QHQF3mgAhH3T&index=147,tl6Tme4yEfE,2017-08-11T23:49:01Z,146
148,Ark Patrol - Let Go (feat. Veronika Redd),https://www.youtube.com/watch?v=1kZCVdU1N6o&list=PLFBWgqupDy_scez7w-XB9QHQF3mgAhH3T&index=148,1kZCVdU1N6o,2015-04-13T18:30:01Z,147
149,TheFatRat & Shiah Maisel - Out Of The Rain [Chapter 1],https://www.youtube.com/watch?v=i-wYV7OVoTM&list=PLFBWgqupDy_scez7w-XB9QHQF3mgAhH3T&index=149,i-wYV7OVoTM,2023-04-05T14:00:10Z,148
150,TheFatRat & NEFFEX - Back One Day (Outro Song),https://www.youtube.com/watch?v=2QdPxdcMhFQ&list=PLFBWgqupDy_scez7w-XB9QHQF3mgAhH3T&index=150,2QdPxdcMhFQ,2022-12-16T15:00:08Z,149
151,Anamanaguchi & Flux Pavilion - Dreams [Monstercat Release],https://www.youtube.com/watch?v=XwBse1pfiWg&list=PLFBWgqupDy_scez7w-XB9QHQF3mgAhH3T&index=151,XwBse1pfiWg,2021-11-30T18:00:12Z,150
152,Gym Class Heroes: Stereo Hearts ft. Adam Levine [OFFICIAL VIDEO],https://www.youtube.com/watch?v=T3E9Wjbq44E&list=PLFBWgqupDy_scez7w-XB9QHQF3mgAhH3T&index=152,T3E9Wjbq44E,2011-08-12T20:20:46Z,151
153,Buttered Toast [Original Song] | Lyric Video,https://www.youtube.com/watch?v=e4Lbhd8a4fA&list=PLFBWgqupDy_scez7w-XB9QHQF3mgAhH3T&index=153,e4Lbhd8a4fA,2021-07-14T16:00:12Z,152
154,"Billie Eilish, Khalid - lovely",https://www.youtube.com/watch?v=V1Pl8CzNzCw&list=PLFBWgqupDy_scez7w-XB9QHQF3mgAhH3T&index=154,V1Pl8CzNzCw,2018-04-26T16:00:02Z,153
155,Wag My Tail,https://www.youtube.com/watch?v=fiRnaIOgGWQ&list=PLFBWgqupDy_scez7w-XB9QHQF3mgAhH3T&index=155,fiRnaIOgGWQ,2023-11-17T10:03:58Z,154
156,Maroon 5 - Animals,https://www.youtube.com/watch?v=qpgTC9MDx1o&list=PLFBWgqupDy_scez7w-XB9QHQF3mgAhH3T&index=156,qpgTC9MDx1o,2014-09-29T16:00:13Z,155
157,Legends Never Die (ft. Against The Current) | Worlds 2017 - League of Legends,https://www.youtube.com/watch?v=r6zIGXun57U&list=PLFBWgqupDy_scez7w-XB9QHQF3mgAhH3T&index=157,r6zIGXun57U,2017-10-18T13:00:08Z,156
158,The Score - Rush (Lyric Video),https://www.youtube.com/watch?v=qq9MrrjrZmo&list=PLFBWgqupDy_scez7w-XB9QHQF3mgAhH3T&index=158,qq9MrrjrZmo,2019-08-09T04:00:05Z,157
159,The Score - In My Bones (Lyric Video),https://www.youtube.com/watch?v=2CFBHThW7Dk&list=PLFBWgqupDy_scez7w-XB9QHQF3mgAhH3T&index=159,2CFBHThW7Dk,2019-08-09T04:00:00Z,158
160,The Score & AWOLNATION - Carry On (Official Video),https://www.youtube.com/watch?v=aoIK6Rr71TE&list=PLFBWgqupDy_scez7w-XB9QHQF3mgAhH3T&index=160,aoIK6Rr71TE,2020-10-02T19:00:10Z,159
161,Nightcrawler (Instrumental Slowed),https://www.youtube.com/watch?v=spdOLd1rw88&list=PLFBWgqupDy_scez7w-XB9QHQF3mgAhH3T&index=161,spdOLd1rw88,2024-02-13T17:57:10Z,160
162,The Score - Stronger,https://www.youtube.com/watch?v=cNld-AHw-Wg&list=PLFBWgqupDy_scez7w-XB9QHQF3mgAhH3T&index=162,cNld-AHw-Wg,2018-10-05T04:00:03Z,161
163,The Score - The Champion (Audio),https://www.youtube.com/watch?v=O5AMl3t817o&list=PLFBWgqupDy_scez7w-XB9QHQF3mgAhH3T&index=163,O5AMl3t817o,2020-06-19T04:00:07Z,162
164,Stileto & Silent Child - Super Villain (Lyrics) feat. Kendyle Paige,https://www.youtube.com/watch?v=MAO4gOs2IkU&list=PLFBWgqupDy_scez7w-XB9QHQF3mgAhH3T&index=164,MAO4gOs2IkU,2021-06-21T16:19:49Z,163
165,Imagine Dragons - Believer (Official Music Video),https://www.youtube.com/watch?v=7wtfhZwyrcc&list=PLFBWgqupDy_scez7w-XB9QHQF3mgAhH3T&index=165,7wtfhZwyrcc,2017-03-07T14:00:00Z,164
166,twenty one pilots: Heathens (from Suicide Squad: The Album) [OFFICIAL VIDEO],https://www.youtube.com/watch?v=UprcpdwuwCg&list=PLFBWgqupDy_scez7w-XB9QHQF3mgAhH3T&index=166,UprcpdwuwCg,2016-06-21T22:25:16Z,165
167,Imagine Dragons - Natural,https://www.youtube.com/watch?v=0I647GU3Jsc&list=PLFBWgqupDy_scez7w-XB9QHQF3mgAhH3T&index=167,0I647GU3Jsc,2018-08-24T19:00:01Z,166
168,Subwoofer Lullaby (Slowed),https://www.youtube.com/watch?v=40e1agSLHcw&list=PLFBWgqupDy_scez7w-XB9QHQF3mgAhH3T&index=168,40e1agSLHcw,2024-12-02T10:00:05Z,167
169,La Casa de Papel | My Life Is Going On - - Cecilia Krull (Vídeo Oficial),https://www.youtube.com/watch?v=F1oHBcTdKL4&list=PLFBWgqupDy_scez7w-XB9QHQF3mgAhH3T&index=169,F1oHBcTdKL4,2017-11-14T17:20:17Z,168
170,Hensonn-Sahara,https://www.youtube.com/watch?v=pIZ0QRWK0zg&list=PLFBWgqupDy_scez7w-XB9QHQF3mgAhH3T&index=170,pIZ0QRWK0zg,2021-12-30T15:00:16Z,169
171,"LUM!X, Gabry Ponte - Monster (Official Music Video)",https://www.youtube.com/watch?v=VWNFj9rm6tc&list=PLFBWgqupDy_scez7w-XB9QHQF3mgAhH3T&index=171,VWNFj9rm6tc,2019-05-09T10:00:08Z,170
172,Interstellar Official Soundtrack | Cornfield Chase – Hans Zimmer | WaterTower,https://www.youtube.com/watch?v=JuSsvM8B4Jc&list=PLFBWgqupDy_scez7w-XB9QHQF3mgAhH3T&index=172,JuSsvM8B4Jc,2020-07-29T23:16:10Z,171
173,Protostar - Galaxies [Monstercat Release],https://www.youtube.com/watch?v=fndMDLCYXpc&list=PLFBWgqupDy_scez7w-XB9QHQF3mgAhH3T&index=173,fndMDLCYXpc,2020-05-04T17:00:13Z,172
174,"Machine Gun Kelly, X Ambassadors & Bebe Rexha - Home (from Bright: The Album) [Official Video]",https://www.youtube.com/watch?v=IumYMCllMsM&list=PLFBWgqupDy_scez7w-XB9QHQF3mgAhH3T&index=174,IumYMCllMsM,2017-11-23T11:08:00Z,173
175,RAMBLEY REVIEW by RecD Ft. OtterBoyVA (Indigo Park: Chapter 1 Credits OFFICIAL ANIMATED MUSIC VIDEO),https://www.youtube.com/watch?v=lsSvkmJqTqU&list=PLFBWgqupDy_scez7w-XB9QHQF3mgAhH3T&index=175,lsSvkmJqTqU,2024-05-21T00:30:06Z,174
176,Martin Garrix & David Guetta - So Far Away (Official Video) feat. Jamie Scott & Romy Dya,https://www.youtube.com/watch?v=o7iL2KzDh38&list=PLFBWgqupDy_scez7w-XB9QHQF3mgAhH3T&index=176,o7iL2KzDh38,2017-12-01T05:01:33Z,175
177,Mr Robot Main Theme,https://www.youtube.com/watch?v=rfAnT0eaCt0&list=PLFBWgqupDy_scez7w-XB9QHQF3mgAhH3T&index=177,rfAnT0eaCt0,2018-10-30T04:20:02Z,176
178,Call Me (Slowed),https://www.youtube.com/watch?v=1aAY7EI3u8c&list=PLFBWgqupDy_scez7w-XB9QHQF3mgAhH3T&index=178,1aAY7EI3u8c,2023-01-26T10:59:08Z,177
179,Alan Walker - Darkside (feat. Au/Ra and Tomine Harket),https://www.youtube.com/watch?v=M-P4QBt-FWw&list=PLFBWgqupDy_scez7w-XB9QHQF3mgAhH3T&index=179,M-P4QBt-FWw,2018-07-27T07:00:04Z,178
180,BKAYE - Glue (Lyrics) Fells Remix,https://www.youtube.com/watch?v=MuvQXcG5j-w&list=PLFBWgqupDy_scez7w-XB9QHQF3mgAhH3T&index=180,MuvQXcG5j-w,2020-06-11T17:00:15Z,179
181,CLUTCH,https://www.youtube.com/watch?v=LMzopodS_04&list=PLFBWgqupDy_scez7w-XB9QHQF3mgAhH3T&index=181,LMzopodS_04,2022-01-24T06:06:57Z,180
182,Seven Lions & ILLENIUM ft. ÁSDÍS - Not Even Love (Official Visualizer),https://www.youtube.com/watch?v=zk80sRP57Rg&list=PLFBWgqupDy_scez7w-XB9QHQF3mgAhH3T&index=182,zk80sRP57Rg,2024-03-22T04:00:38Z,181
183,Dark Whale,https://www.youtube.com/watch?v=Qq4YhtGjMtY&list=PLFBWgqupDy_scez7w-XB9QHQF3mgAhH3T&index=183,Qq4YhtGjMtY,2024-12-18T13:19:21Z,182
184,ivycomb - Death Valley (Official Audio),https://www.youtube.com/watch?v=7hZjuxooNjk&list=PLFBWgqupDy_scez7w-XB9QHQF3mgAhH3T&index=184,7hZjuxooNjk,2021-12-31T02:30:12Z,183
185,Ed Sheeran - Bad Habits feat. Bring Me The Horizon (official audio),https://www.youtube.com/watch?v=IxcxyGDD38E&list=PLFBWgqupDy_scez7w-XB9QHQF3mgAhH3T&index=185,IxcxyGDD38E,2022-02-17T18:10:02Z,184
186,VIBE ZABUZA 💨 (Animes) | MHRAP,https://www.youtube.com/watch?v=x6VWj8JeyIU&list=PLFBWgqupDy_scez7w-XB9QHQF3mgAhH3T&index=186,x6VWj8JeyIU,2020-02-08T17:30:02Z,185
187,THE END,https://www.youtube.com/watch?v=YgU-UOjcUXw&list=PLFBWgqupDy_scez7w-XB9QHQF3mgAhH3T&index=187,YgU-UOjcUXw,2023-06-23T03:22:15Z,186
188,Lost Sky - Fearless pt.II (feat. Chris Linton) | Trap | NCS - Copyright Free Music,https://www.youtube.com/watch?v=S19UcWdOA-I&list=PLFBWgqupDy_scez7w-XB9QHQF3mgAhH3T&index=188,S19UcWdOA-I,2017-12-27T17:04:24Z,187
189,Ashes - Stellar (Official Lyric Video),https://www.youtube.com/watch?v=wH3JmLBOnMU&list=PLFBWgqupDy_scez7w-XB9QHQF3mgAhH3T&index=189,wH3JmLBOnMU,2020-05-03T16:07:02Z,188
190,My Ordinary Life-The Living Tombstone,https://www.youtube.com/watch?v=9Zj0JOHJR-s&list=PLFBWgqupDy_scez7w-XB9QHQF3mgAhH3T&index=190,9Zj0JOHJR-s,2017-11-23T17:39:32Z,189
191,Julian Calor - No Fear Anymore (feat. Ava Silver) [Monstercat Release],https://www.youtube.com/watch?v=6rXyT2fcNi8&list=PLFBWgqupDy_scez7w-XB9QHQF3mgAhH3T&index=191,6rXyT2fcNi8,2019-05-28T17:00:01Z,190
192,UNSECRET - REVOLUTION (FT. RUELLE) [OFFICIAL AUDIO],https://www.youtube.com/watch?v=f0ZWgtUvVy4&list=PLFBWgqupDy_scez7w-XB9QHQF3mgAhH3T&index=192,f0ZWgtUvVy4,2018-04-13T13:00:08Z,191
193,Trevor Daniel - Falling (Official Music Video),https://www.youtube.com/watch?v=L7mfjvdnPno&list=PLFBWgqupDy_scez7w-XB9QHQF3mgAhH3T&index=193,L7mfjvdnPno,2020-01-15T17:00:10Z,192
194,Lil Nas X - Old Town Road (Official Video) ft. Billy Ray Cyrus,https://www.youtube.com/watch?v=r7qovpFAGrQ&list=PLFBWgqupDy_scez7w-XB9QHQF3mgAhH3T&index=194,r7qovpFAGrQ,2019-07-19T04:00:06Z,193
195,Ramsey - Goodbye  | Arcane League of Legends | Riot Games Music,https://www.youtube.com/watch?v=omgSWqwVTjY&list=PLFBWgqupDy_scez7w-XB9QHQF3mgAhH3T&index=195,omgSWqwVTjY,2021-11-12T17:00:38Z,194
196,Masked Wolf - Astronaut In The Ocean (Alok Remix) [Official Lyric Video],https://www.youtube.com/watch?v=5WHaV1w-gbk&list=PLFBWgqupDy_scez7w-XB9QHQF3mgAhH3T&index=196,5WHaV1w-gbk,2021-04-30T21:00:03Z,195
197,The Score - Fire (Audio),https://www.youtube.com/watch?v=F4dctjz3tUk&list=PLFBWgqupDy_scez7w-XB9QHQF3mgAhH3T&index=197,F4dctjz3tUk,2020-08-28T04:00:06Z,196
198,The Score - Can You Hear Me Now (Audio),https://www.youtube.com/watch?v=8RDy31N0gdY&list=PLFBWgqupDy_scez7w-XB9QHQF3mgAhH3T&index=198,8RDy31N0gdY,2020-08-28T04:00:04Z,197
199,The Score - All of Me feat. Travis Barker (Official Lyric Video),https://www.youtube.com/watch?v=WHowaIzJYKw&list=PLFBWgqupDy_scez7w-XB9QHQF3mgAhH3T&index=199,WHowaIzJYKw,2020-07-24T04:37:29Z,198
200,The Score - Born For This (Official Audio),https://www.youtube.com/watch?v=aJ5IzGBnWAc&list=PLFBWgqupDy_scez7w-XB9QHQF3mgAhH3T&index=200,aJ5IzGBnWAc,2019-02-01T05:00:01Z,199
201,[FAN LYRIC VIDEO] My Demons by Starset,https://www.youtube.com/watch?v=LSvOTw8UH6s&list=PLFBWgqupDy_scez7w-XB9QHQF3mgAhH3T&index=201,LSvOTw8UH6s,2014-03-01T22:26:29Z,200
202,Holdin' On (Skrillex & Nero Remix),https://www.youtube.com/watch?v=xsWW0WzTyic&list=PLFBWgqupDy_scez7w-XB9QHQF3mgAhH3T&index=202,xsWW0WzTyic,2015-03-05T13:45:04Z,201
203,The Score - Dreamin ft. blackbear (Official Video),https://www.youtube.com/watch?v=oP5S04q6sVo&list=PLFBWgqupDy_scez7w-XB9QHQF3mgAhH3T&index=203,oP5S04q6sVo,2019-03-28T15:58:43Z,202
204,The Score - The Fear (Audio),https://www.youtube.com/watch?v=K5U7b_E14cE&list=PLFBWgqupDy_scez7w-XB9QHQF3mgAhH3T&index=204,K5U7b_E14cE,2018-10-26T04:00:00Z,203
205,Legends Are Made,https://www.youtube.com/watch?v=m0MYBzoQx5I&list=PLFBWgqupDy_scez7w-XB9QHQF3mgAhH3T&index=205,m0MYBzoQx5I,2021-09-29T14:16:12Z,204
206,PUTZ ANIMES 😮 (VIBE ZABUZA #2) | Prod. Sid | MHRAP,https://www.youtube.com/watch?v=6UkoAlTLDz8&list=PLFBWgqupDy_scez7w-XB9QHQF3mgAhH3T&index=206,6UkoAlTLDz8,2023-05-21T22:30:07Z,205
207,Dxrk ダーク - RAVE (Official Audio),https://www.youtube.com/watch?v=PTZgxW_3LIQ&list=PLFBWgqupDy_scez7w-XB9QHQF3mgAhH3T&index=207,PTZgxW_3LIQ,2022-04-04T16:07:44Z,206
208,The Chainsmokers - Closer (Lyric) ft. Halsey,https://www.youtube.com/watch?v=PT2_F-1esPk&list=PLFBWgqupDy_scez7w-XB9QHQF3mgAhH3T&index=208,PT2_F-1esPk,2016-07-29T07:00:02Z,207
209,"VØJ, Narvent - Memory Reboot (4K Music Video)",https://www.youtube.com/watch?v=wL8DVHuWI7Y&list=PLFBWgqupDy_scez7w-XB9QHQF3mgAhH3T&index=209,wL8DVHuWI7Y,2023-01-17T12:15:03Z,208
210,Five Nights at Freddy's 2 Song - The Living Tombstone (FNAF2),https://www.youtube.com/watch?v=gk-aCL6eyGc&list=PLFBWgqupDy_scez7w-XB9QHQF3mgAhH3T&index=210,gk-aCL6eyGc,2014-12-04T12:44:50Z,209
211,Vengeance,https://www.youtube.com/watch?v=8zJaLeEkIMU&list=PLFBWgqupDy_scez7w-XB9QHQF3mgAhH3T&index=211,8zJaLeEkIMU,2024-06-10T18:08:15Z,210
212,øneheart x reidenshi - snowfall,https://www.youtube.com/watch?v=LlN8MPS7KQs&list=PLFBWgqupDy_scez7w-XB9QHQF3mgAhH3T&index=212,LlN8MPS7KQs,2022-01-14T18:29:35Z,211
213,Heat Waves (Slowed),https://www.youtube.com/watch?v=-NqnPNV-llk&list=PLFBWgqupDy_scez7w-XB9QHQF3mgAhH3T&index=213,-NqnPNV-llk,2022-01-27T10:04:56Z,212
214,Alan Walker - Alone,https://www.youtube.com/watch?v=1-xGerv5FOk&list=PLFBWgqupDy_scez7w-XB9QHQF3mgAhH3T&index=214,1-xGerv5FOk,2016-12-02T07:59:01Z,213
215,KALEO - Way Down We Go (Official Music Video),https://www.youtube.com/watch?v=0-7IHOXkiV8&list=PLFBWgqupDy_scez7w-XB9QHQF3mgAhH3T&index=215,0-7IHOXkiV8,2016-05-24T09:04:26Z,214
216,Starset - Satellite (Official Audio),https://www.youtube.com/watch?v=mCbdQNGBw9E&list=PLFBWgqupDy_scez7w-XB9QHQF3mgAhH3T&index=216,mCbdQNGBw9E,2017-01-20T15:02:49Z,215
217,sapientdream - Pastlives (lyrics),https://www.youtube.com/watch?v=-TXtyYZIiWc&list=PLFBWgqupDy_scez7w-XB9QHQF3mgAhH3T&index=217,-TXtyYZIiWc,2020-03-04T15:26:03Z,216
218,"Cartoon, Jéja - Why We Lose (feat. Coleman Trapp) | DnB | NCS - Copyright Free Music",https://www.youtube.com/watch?v=zyXmsVwZqX4&list=PLFBWgqupDy_scez7w-XB9QHQF3mgAhH3T&index=218,zyXmsVwZqX4,2015-06-13T15:00:03Z,217
219,M83 - Solitude (Felsmann + Tiley Reinterpretation) (Official Audio),https://www.youtube.com/watch?v=_p2NvO6KrBs&list=PLFBWgqupDy_scez7w-XB9QHQF3mgAhH3T&index=219,_p2NvO6KrBs,2020-05-14T09:41:12Z,218
220,2. I MONSTER - Daydream In Blue,https://www.youtube.com/watch?v=BhB6Lb7_kN8&list=PLFBWgqupDy_scez7w-XB9QHQF3mgAhH3T&index=220,BhB6Lb7_kN8,2013-03-03T22:56:50Z,219
221,RET TRO - Happy (prod. ivycomb),https://www.youtube.com/watch?v=9xcrvj-93Mc&list=PLFBWgqupDy_scez7w-XB9QHQF3mgAhH3T&index=221,9xcrvj-93Mc,2021-09-09T23:13:12Z,220
222,RET TRO - Photo Frames (prod. ivycomb) [Official Lyric Video],https://www.youtube.com/watch?v=9a8TYHzdFjQ&list=PLFBWgqupDy_scez7w-XB9QHQF3mgAhH3T&index=222,9a8TYHzdFjQ,2022-01-28T07:15:10Z,221
223,"Enemy - Tommee Profitt, Sam Tinnesz & Beacon Light",https://www.youtube.com/watch?v=e-xToC9wNl0&list=PLFBWgqupDy_scez7w-XB9QHQF3mgAhH3T&index=223,e-xToC9wNl0,2019-10-11T13:00:18Z,222
224,ivycomb - Tokyo (Official Lyric Video),https://www.youtube.com/watch?v=8G_wgBxnTec&list=PLFBWgqupDy_scez7w-XB9QHQF3mgAhH3T&index=224,8G_wgBxnTec,2021-11-06T02:45:12Z,223
225,"The Call | Season 2022 Cinematic - League of Legends (ft. 2WEI, Louis Leibfried, and Edda Hayes)",https://www.youtube.com/watch?v=mDYqT0_9VR4&list=PLFBWgqupDy_scez7w-XB9QHQF3mgAhH3T&index=225,mDYqT0_9VR4,2022-01-07T15:06:43Z,224
226,Alan Walker & Sasha Alex Sloan - Hero (Official Music Video),https://www.youtube.com/watch?v=tu4HfcmMn1E&list=PLFBWgqupDy_scez7w-XB9QHQF3mgAhH3T&index=226,tu4HfcmMn1E,2023-05-05T09:00:07Z,225
227,Defqwop - Heart Afire (ft. Strix),https://www.youtube.com/watch?v=hsXeFqj5p7Q&list=PLFBWgqupDy_scez7w-XB9QHQF3mgAhH3T&index=227,hsXeFqj5p7Q,2016-05-05T17:21:52Z,226
228,what the,https://www.youtube.com/watch?v=WAX_FEgRuOk&list=PLFBWgqupDy_scez7w-XB9QHQF3mgAhH3T&index=228,WAX_FEgRuOk,2020-11-22T03:59:35Z,227
229,Holoplankton,https://www.youtube.com/watch?v=8BpGw8lrXas&list=PLFBWgqupDy_scez7w-XB9QHQF3mgAhH3T&index=229,8BpGw8lrXas,2022-03-25T10:09:38Z,228
230,In Your Rain [Original Song] | Lyric Video,https://www.youtube.com/watch?v=_Mz3QyH3K18&list=PLFBWgqupDy_scez7w-XB9QHQF3mgAhH3T&index=230,_Mz3QyH3K18,2021-08-10T16:00:11Z,229
231,Over Amplified [Original Song] | Lyric Video,https://www.youtube.com/watch?v=niJZw4kZ7ak&list=PLFBWgqupDy_scez7w-XB9QHQF3mgAhH3T&index=231,niJZw4kZ7ak,2021-07-28T16:00:11Z,230
232,Ain't The Kinda Lovin' I Do [Original Song] | Lyric Video,https://www.youtube.com/watch?v=j-SYw_hNRmc&list=PLFBWgqupDy_scez7w-XB9QHQF3mgAhH3T&index=232,j-SYw_hNRmc,2021-06-22T16:00:10Z,231
233,Verplex - Spark,https://www.youtube.com/watch?v=ThxrRKztpR8&list=PLFBWgqupDy_scez7w-XB9QHQF3mgAhH3T&index=233,ThxrRKztpR8,2023-10-22T18:04:11Z,232
234,LUMINESCENCE,https://www.youtube.com/watch?v=3Nhn-a2gSlE&list=PLFBWgqupDy_scez7w-XB9QHQF3mgAhH3T&index=234,3Nhn-a2gSlE,2024-01-20T01:00:08Z,233
235,ivycomb - Sparkle (Official Audio),https://www.youtube.com/watch?v=TlDL2G31QLQ&list=PLFBWgqupDy_scez7w-XB9QHQF3mgAhH3T&index=235,TlDL2G31QLQ,2022-01-05T01:30:18Z,234
236,Verplex - Love and Affection,https://www.youtube.com/watch?v=FBYAfXY-qoQ&list=PLFBWgqupDy_scez7w-XB9QHQF3mgAhH3T&index=236,FBYAfXY-qoQ,2022-11-18T20:31:41Z,235
237,Blue Bird (feat. YonKaGor),https://www.youtube.com/watch?v=vUa4yI5pRCE&list=PLFBWgqupDy_scez7w-XB9QHQF3mgAhH3T&index=237,vUa4yI5pRCE,2023-05-19T21:30:07Z,236
238,SHAED x ZAYN - Trampoline (Official Lyric Video),https://www.youtube.com/watch?v=Zzylc-7PwQ4&list=PLFBWgqupDy_scez7w-XB9QHQF3mgAhH3T&index=238,Zzylc-7PwQ4,2019-09-26T15:02:25Z,237
239,Polozheni (Zedline),https://www.youtube.com/watch?v=-EFSV12xmDo&list=PLFBWgqupDy_scez7w-XB9QHQF3mgAhH3T&index=239,-EFSV12xmDo,2025-04-08T19:32:13Z,238
240,Wiz Khalifa - See You Again ft. Charlie Puth [Official Video] Furious 7 Soundtrack,https://www.youtube.com/watch?v=RgKAFK5djSk&list=PLFBWgqupDy_scez7w-XB9QHQF3mgAhH3T&index=240,RgKAFK5djSk,2015-04-07T03:00:03Z,239
241,UNSECRET X MØØNWATER - ONLY THE BEGINNING [OFFICIAL AUDIO],https://www.youtube.com/watch?v=ESpSAbbknIo&list=PLFBWgqupDy_scez7w-XB9QHQF3mgAhH3T&index=241,ESpSAbbknIo,2020-12-18T05:00:03Z,240
242,Sergio Valentino - Lost Forever,https://www.youtube.com/watch?v=4Dtbi2ut0tc&list=PLFBWgqupDy_scez7w-XB9QHQF3mgAhH3T&index=242,4Dtbi2ut0tc,2022-05-08T16:00:02Z,241
243,Lose Her,https://www.youtube.com/watch?v=iMeA4TiXzOs&list=PLFBWgqupDy_scez7w-XB9QHQF3mgAhH3T&index=243,iMeA4TiXzOs,2023-04-11T01:14:50Z,242
244,Glass Animals - Heat Waves (Official Video),https://www.youtube.com/watch?v=mRD0-GxqHVo&list=PLFBWgqupDy_scez7w-XB9QHQF3mgAhH3T&index=244,mRD0-GxqHVo,2020-06-29T18:30:09Z,243
245,Rameses B - Something Real (feat. Danyka Nadeau) [Monstercat Release],https://www.youtube.com/watch?v=KjXGQAlDmbE&list=PLFBWgqupDy_scez7w-XB9QHQF3mgAhH3T&index=245,KjXGQAlDmbE,2018-04-24T18:56:02Z,244
246,Sabai - Scared [Monstercat Release],https://www.youtube.com/watch?v=Am9DJF2QDiQ&list=PLFBWgqupDy_scez7w-XB9QHQF3mgAhH3T&index=246,Am9DJF2QDiQ,2021-08-20T17:00:10Z,245
247,Dion Timmer - Shiawase [Monstercat Release],https://www.youtube.com/watch?v=N-V3zqvtbCM&list=PLFBWgqupDy_scez7w-XB9QHQF3mgAhH3T&index=247,N-V3zqvtbCM,2018-05-22T19:08:43Z,246
248,Unlike Pluto - Everything Black (feat. Mike Taylor) [Official Lyric Video],https://www.youtube.com/watch?v=mWKDZRJWdF4&list=PLFBWgqupDy_scez7w-XB9QHQF3mgAhH3T&index=248,mWKDZRJWdF4,2017-03-14T07:52:37Z,247
249,In This Shirt,https://www.youtube.com/watch?v=-iNHtdL-zu4&list=PLFBWgqupDy_scez7w-XB9QHQF3mgAhH3T&index=249,-iNHtdL-zu4,2022-04-02T02:23:19Z,248
250,Lukas Graham - 7 Years [Official Music Video],https://www.youtube.com/watch?v=LHCob76kigA&list=PLFBWgqupDy_scez7w-XB9QHQF3mgAhH3T&index=250,LHCob76kigA,2015-12-15T15:01:55Z,249
251,Panic! At The Disco - High Hopes (Official Video),https://www.youtube.com/watch?v=IPXIgEAGe4U&list=PLFBWgqupDy_scez7w-XB9QHQF3mgAhH3T&index=251,IPXIgEAGe4U,2018-08-27T16:02:00Z,250
252,[Dubstep] - Tut Tut Child - Hummingbird (feat. Augustus Ghost) [Monstercat Release],https://www.youtube.com/watch?v=a4-Tb4rHZt8&list=PLFBWgqupDy_scez7w-XB9QHQF3mgAhH3T&index=252,a4-Tb4rHZt8,2013-03-04T23:05:05Z,251
253,"Besomorph, Arcando, Neoni - Army (Lyrics)",https://www.youtube.com/watch?v=nxUw6B05pkc&list=PLFBWgqupDy_scez7w-XB9QHQF3mgAhH3T&index=253,nxUw6B05pkc,2020-04-16T21:06:16Z,252
254,M83 - Outro (audio),https://www.youtube.com/watch?v=1cEy4UyYHI0&list=PLFBWgqupDy_scez7w-XB9QHQF3mgAhH3T&index=254,1cEy4UyYHI0,2014-11-10T14:00:57Z,253
255,hayve & Skyelle - Change [Monstercat Lyric Video],https://www.youtube.com/watch?v=2-kPUsnbctk&list=PLFBWgqupDy_scez7w-XB9QHQF3mgAhH3T&index=255,2-kPUsnbctk,2021-10-07T17:00:11Z,254
256,Jaymes Young - Infinity [Official Audio],https://www.youtube.com/watch?v=PWqEPKduGm8&list=PLFBWgqupDy_scez7w-XB9QHQF3mgAhH3T&index=256,PWqEPKduGm8,2017-06-23T03:11:30Z,255
257,David Kushner - Daylight (Official Music Video),https://www.youtube.com/watch?v=MoN9ql6Yymw&list=PLFBWgqupDy_scez7w-XB9QHQF3mgAhH3T&index=257,MoN9ql6Yymw,2023-04-14T04:00:08Z,256
258,All Good Things - For The Glory (Official Lyric Video),https://www.youtube.com/watch?v=vt1AR_i5dX4&list=PLFBWgqupDy_scez7w-XB9QHQF3mgAhH3T&index=258,vt1AR_i5dX4,2018-03-09T15:11:36Z,257
259,Adele - Skyfall (Official Lyric Video),https://www.youtube.com/watch?v=DeumyOzKqgI&list=PLFBWgqupDy_scez7w-XB9QHQF3mgAhH3T&index=259,DeumyOzKqgI,2012-10-18T16:04:00Z,258
260,Feint - Fading Wind [Monstercat Release],https://www.youtube.com/watch?v=3VJaJaa8Aco&list=PLFBWgqupDy_scez7w-XB9QHQF3mgAhH3T&index=260,3VJaJaa8Aco,2021-07-12T17:00:14Z,259
261,The Chainsmokers - Sick Boy (Official Video),https://www.youtube.com/watch?v=eACohWVwTOc&list=PLFBWgqupDy_scez7w-XB9QHQF3mgAhH3T&index=261,eACohWVwTOc,2018-01-17T15:00:02Z,260
262,Just Valery - Your Love Is My Drug (8Bit Slowed),https://www.youtube.com/watch?v=PKUV93QVRN0&list=PLFBWgqupDy_scez7w-XB9QHQF3mgAhH3T&index=262,PKUV93QVRN0,2021-08-11T15:06:07Z,261
263,Warriors (ft. Imagine Dragons) | Worlds 2014 - League of Legends,https://www.youtube.com/watch?v=fmI_Ndrxy14&list=PLFBWgqupDy_scez7w-XB9QHQF3mgAhH3T&index=263,fmI_Ndrxy14,2014-09-17T20:57:35Z,262
264,Imagine Dragons - Demons (Official Music Video),https://www.youtube.com/watch?v=mWRsgZuwf_8&list=PLFBWgqupDy_scez7w-XB9QHQF3mgAhH3T&index=264,mWRsgZuwf_8,2013-05-07T15:40:06Z,263
265,Alec Benjamin - Let Me Down Slowly [Official Music Video],https://www.youtube.com/watch?v=50VNCymT-Cs&list=PLFBWgqupDy_scez7w-XB9QHQF3mgAhH3T&index=265,50VNCymT-Cs,2018-06-04T19:00:23Z,264
266,Imagine Dragons - Radioactive,https://www.youtube.com/watch?v=ktvTqknDobU&list=PLFBWgqupDy_scez7w-XB9QHQF3mgAhH3T&index=266,ktvTqknDobU,2012-12-10T16:40:07Z,265
267,Kerosene (Sped Up),https://www.youtube.com/watch?v=-cz0v6PLRaE&list=PLFBWgqupDy_scez7w-XB9QHQF3mgAhH3T&index=267,-cz0v6PLRaE,2023-12-29T20:48:59Z,266
268,Never Going Back,https://www.youtube.com/watch?v=6fimL3SOxyQ&list=PLFBWgqupDy_scez7w-XB9QHQF3mgAhH3T&index=268,6fimL3SOxyQ,2018-07-29T00:30:06Z,267
269,The Score - Legend (Audio),https://www.youtube.com/watch?v=jecQcgbyetw&list=PLFBWgqupDy_scez7w-XB9QHQF3mgAhH3T&index=269,jecQcgbyetw,2017-02-06T08:01:48Z,268
270,The Score - Unstoppable (Lyric Video),https://www.youtube.com/watch?v=_PBlykN4KIY&list=PLFBWgqupDy_scez7w-XB9QHQF3mgAhH3T&index=270,_PBlykN4KIY,2017-08-30T04:00:01Z,269
271,The Score - Higher (Official Audio),https://www.youtube.com/watch?v=XclXvB1Gmnc&list=PLFBWgqupDy_scez7w-XB9QHQF3mgAhH3T&index=271,XclXvB1Gmnc,2017-04-14T04:00:02Z,270
272,The Score - Miracle (Official Audio),https://www.youtube.com/watch?v=iSyN5ge0i2g&list=PLFBWgqupDy_scez7w-XB9QHQF3mgAhH3T&index=272,iSyN5ge0i2g,2017-04-14T04:00:03Z,271
273,fury,https://www.youtube.com/watch?v=_2cj17wbL6Y&list=PLFBWgqupDy_scez7w-XB9QHQF3mgAhH3T&index=273,_2cj17wbL6Y,2024-02-20T21:37:11Z,272
274,Panic! At The Disco - House of Memories (Official Audio),https://www.youtube.com/watch?v=KuliCkN2oic&list=PLFBWgqupDy_scez7w-XB9QHQF3mgAhH3T&index=274,KuliCkN2oic,2016-01-15T04:17:41Z,273
275,DRIF-T,https://www.youtube.com/watch?v=c-FdhYA2Gzk&list=PLFBWgqupDy_scez7w-XB9QHQF3mgAhH3T&index=275,c-FdhYA2Gzk,2022-05-16T01:08:05Z,274
276,"WEEDMANE x Suicideyear ""SUICIDE YEAR""",https://www.youtube.com/watch?v=WHj7WPeooCo&list=PLFBWgqupDy_scez7w-XB9QHQF3mgAhH3T&index=276,WHj7WPeooCo,2021-07-28T19:44:08Z,275
277,ivycomb - GIZABYTE (Official Visualizer),https://www.youtube.com/watch?v=Pfv18GSX324&list=PLFBWgqupDy_scez7w-XB9QHQF3mgAhH3T&index=277,Pfv18GSX324,2022-06-21T01:51:27Z,276
278,I Wanna Be Yours,https://www.youtube.com/watch?v=nyuo9-OjNNg&list=PLFBWgqupDy_scez7w-XB9QHQF3mgAhH3T&index=278,nyuo9-OjNNg,2014-12-09T12:17:17Z,277
279,Unknown Brain - Why Do I? (feat. Bri Tolani) | Trap | NCS - Copyright Free Music,https://www.youtube.com/watch?v=tcHJodG5hX8&list=PLFBWgqupDy_scez7w-XB9QHQF3mgAhH3T&index=279,tcHJodG5hX8,2018-04-21T15:44:34Z,278
280,Tame Impala - The Less I Know The Better (Official Video),https://www.youtube.com/watch?v=sBzrzS1Ag_g&list=PLFBWgqupDy_scez7w-XB9QHQF3mgAhH3T&index=280,sBzrzS1Ag_g,2015-11-29T13:05:00Z,279
281,X Ambassadors - Renegades (Lyric Video),https://www.youtube.com/watch?v=8j741TUIET0&list=PLFBWgqupDy_scez7w-XB9QHQF3mgAhH3T&index=281,8j741TUIET0,2015-04-28T07:00:00Z,280
282,WAKE UP!,https://www.youtube.com/watch?v=tKvEnZSoqas&list=PLFBWgqupDy_scez7w-XB9QHQF3mgAhH3T&index=282,tKvEnZSoqas,2022-08-04T21:00:13Z,281
283,UNSECRET X NEONI - FALLOUT [OFFICIAL AUDIO],https://www.youtube.com/watch?v=K6438QUVbyA&list=PLFBWgqupDy_scez7w-XB9QHQF3mgAhH3T&index=283,K6438QUVbyA,2019-07-12T04:00:05Z,282
284,Clarx - H.A.Y | Future House | NCS - Copyright Free Music,https://www.youtube.com/watch?v=mj9KRKSvdbk&list=PLFBWgqupDy_scez7w-XB9QHQF3mgAhH3T&index=284,mj9KRKSvdbk,2018-02-22T17:07:06Z,283
285,Tropa do Ygorx,https://www.youtube.com/watch?v=nYGTnsRc44U&list=PLFBWgqupDy_scez7w-XB9QHQF3mgAhH3T&index=285,nYGTnsRc44U,2020-06-08T00:21:42Z,284
286,EVERGLOW (에버글로우) - LA DI DA MV,https://www.youtube.com/watch?v=jeI992mvlEY&list=PLFBWgqupDy_scez7w-XB9QHQF3mgAhH3T&index=286,jeI992mvlEY,2020-09-21T09:00:04Z,285
287,MACKLEMORE & RYAN LEWIS - CAN'T HOLD US FEAT. RAY DALTON (OFFICIAL MUSIC VIDEO),https://www.youtube.com/watch?v=2zNSgSzhBfM&list=PLFBWgqupDy_scez7w-XB9QHQF3mgAhH3T&index=287,2zNSgSzhBfM,2013-04-17T16:00:22Z,286
288,"Mr. Robot Volume 1 - ""1.0_8-whatsyourask.m4p"" by Mac Quayle (Official Video)",https://www.youtube.com/watch?v=OaOiHVgP3Pw&list=PLFBWgqupDy_scez7w-XB9QHQF3mgAhH3T&index=288,OaOiHVgP3Pw,2016-05-25T01:22:19Z,287
289,Avicii - Waiting For Love,https://www.youtube.com/watch?v=cHHLHGNpCSA&list=PLFBWgqupDy_scez7w-XB9QHQF3mgAhH3T&index=289,cHHLHGNpCSA,2015-06-26T07:00:00Z,288
290,Alina - When You Leave (Numa Numa) (Basshunter Remix) (OFFICIAL VIDEO),https://www.youtube.com/watch?v=prCZvA6g2Qc&list=PLFBWgqupDy_scez7w-XB9QHQF3mgAhH3T&index=290,prCZvA6g2Qc,2008-11-17T18:27:32Z,289
291,AViVA - GRRRLS (Lyrics),https://www.youtube.com/watch?v=nF3dKA9CCQE&list=PLFBWgqupDy_scez7w-XB9QHQF3mgAhH3T&index=291,nF3dKA9CCQE,2018-12-02T22:26:33Z,290
292,The Score - Glory (Official Audio),https://www.youtube.com/watch?v=i3ucSSVJTL4&list=PLFBWgqupDy_scez7w-XB9QHQF3mgAhH3T&index=292,i3ucSSVJTL4,2018-06-29T04:00:02Z,291
293,Keep on With It - snuffles,https://www.youtube.com/watch?v=kg3ed9NRQJo&list=PLFBWgqupDy_scez7w-XB9QHQF3mgAhH3T&index=293,kg3ed9NRQJo,2021-11-01T00:55:59Z,292
294,The Neighbourhood - Daddy Issues (Official Video),https://www.youtube.com/watch?v=_lMlsPQJs6U&list=PLFBWgqupDy_scez7w-XB9QHQF3mgAhH3T&index=294,_lMlsPQJs6U,2016-05-05T14:00:01Z,293
295,Arctic Monkeys - Do I Wanna Know? (Official Video),https://www.youtube.com/watch?v=bpOSxM0rNPM&list=PLFBWgqupDy_scez7w-XB9QHQF3mgAhH3T&index=295,bpOSxM0rNPM,2013-06-19T04:00:33Z,294
296,Harry Styles - Watermelon Sugar (Official Video),https://www.youtube.com/watch?v=E07s5ZYygMg&list=PLFBWgqupDy_scez7w-XB9QHQF3mgAhH3T&index=296,E07s5ZYygMg,2020-05-18T16:00:11Z,295
297,SPOTS - snuffles,https://www.youtube.com/watch?v=GUZWSxqDJUk&list=PLFBWgqupDy_scez7w-XB9QHQF3mgAhH3T&index=297,GUZWSxqDJUk,2024-03-15T04:00:08Z,296
298,READY OR NOT? - snuffles,https://www.youtube.com/watch?v=-cIQJ4v_fgk&list=PLFBWgqupDy_scez7w-XB9QHQF3mgAhH3T&index=298,-cIQJ4v_fgk,2023-12-18T05:00:00Z,297
299,Aleph (Gesaffelstein - slowed),https://www.youtube.com/watch?v=iOxS7uIZ_es&list=PLFBWgqupDy_scez7w-XB9QHQF3mgAhH3T&index=299,iOxS7uIZ_es,2023-06-26T10:04:45Z,298
300,Stileto - Cravin (Lyrics) ft. Kendyle Paige,https://www.youtube.com/watch?v=7Iu3LBmxQ-4&list=PLFBWgqupDy_scez7w-XB9QHQF3mgAhH3T&index=300,7Iu3LBmxQ-4,2020-05-08T16:16:21Z,299
301,INSANE (A Hazbin Hotel Song) - Black Gryph0n & Baasik,https://www.youtube.com/watch?v=juJkNKodgdE&list=PLFBWgqupDy_scez7w-XB9QHQF3mgAhH3T&index=301,juJkNKodgdE,2021-06-11T17:01:25Z,300
302,Alan Walker x Imanbek - Sweet Dreams (Official Music Video),https://www.youtube.com/watch?v=SM-BT9cijI4&list=PLFBWgqupDy_scez7w-XB9QHQF3mgAhH3T&index=302,SM-BT9cijI4,2021-06-11T15:00:11Z,301
303,MACKLEMORE & RYAN LEWIS - THRIFT SHOP FEAT. WANZ (OFFICIAL VIDEO),https://www.youtube.com/watch?v=QK8mJJJvaes&list=PLFBWgqupDy_scez7w-XB9QHQF3mgAhH3T&index=303,QK8mJJJvaes,2012-08-29T15:53:50Z,302
304,The Score - Glory (Official Audio),https://www.youtube.com/watch?v=i3ucSSVJTL4&list=PLFBWgqupDy_scez7w-XB9QHQF3mgAhH3T&index=304,i3ucSSVJTL4,2018-06-29T04:00:02Z,303
305,Reminiscence,https://www.youtube.com/watch?v=c2Rk4yjLw18&list=PLFBWgqupDy_scez7w-XB9QHQF3mgAhH3T&index=305,c2Rk4yjLw18,2023-11-23T10:01:03Z,304
306,Ed Sheeran - Shape of You (Official Music Video),https://www.youtube.com/watch?v=JGwWNGJdvx8&list=PLFBWgqupDy_scez7w-XB9QHQF3mgAhH3T&index=306,JGwWNGJdvx8,2017-01-30T10:57:50Z,305
307,Legends Are Made,https://www.youtube.com/watch?v=m0MYBzoQx5I&list=PLFBWgqupDy_scez7w-XB9QHQF3mgAhH3T&index=307,m0MYBzoQx5I,2021-09-29T14:16:12Z,306
308,"Take Over (ft. Jeremy McKinnon (A Day To Remember), MAX, Henry) | Worlds 2020 - League of Legends",https://www.youtube.com/watch?v=KbNL9ZyB49c&list=PLFBWgqupDy_scez7w-XB9QHQF3mgAhH3T&index=308,KbNL9ZyB49c,2020-09-17T15:00:09Z,307
309,ordinary,https://www.youtube.com/watch?v=LIoa_pEqv84&list=PLFBWgqupDy_scez7w-XB9QHQF3mgAhH3T&index=309,LIoa_pEqv84,2019-05-30T10:23:37Z,308
310,Prismo - Stronger | Future Bass | NCS - Copyright Free Music,https://www.youtube.com/watch?v=IIwiM777OzQ&list=PLFBWgqupDy_scez7w-XB9QHQF3mgAhH3T&index=310,IIwiM777OzQ,2017-12-10T16:25:30Z,309
311,[Drumstep] - Varien - Valkyrie (feat. Laura Brehm) [Monstercat Release],https://www.youtube.com/watch?v=ddFAIkUb7A0&list=PLFBWgqupDy_scez7w-XB9QHQF3mgAhH3T&index=311,ddFAIkUb7A0,2014-06-23T21:03:13Z,310
312,100. MEGALOVANIA (UNDERTALE Soundtrack) - Toby Fox,https://www.youtube.com/watch?v=KK3KXAECte4&list=PLFBWgqupDy_scez7w-XB9QHQF3mgAhH3T&index=312,KK3KXAECte4,2025-05-26T23:15:08Z,311
313,Bella Ciao - La Casa de Papel,https://www.youtube.com/watch?v=9ao4FEaDGhQ&list=PLFBWgqupDy_scez7w-XB9QHQF3mgAhH3T&index=313,9ao4FEaDGhQ,2019-05-29T10:44:25Z,312
314,Bella Ciao (Versión Lenta de la Música Original de la Serie la Casa de Papel / Money Heist),https://www.youtube.com/watch?v=OD6p1dPfoT0&list=PLFBWgqupDy_scez7w-XB9QHQF3mgAhH3T&index=314,OD6p1dPfoT0,2025-03-31T10:00:46Z,313
315,Nicky Romero & John Christian - Iconic // OUT NOW,https://www.youtube.com/watch?v=L_101PZ9ljo&list=PLFBWgqupDy_scez7w-XB9QHQF3mgAhH3T&index=315,L_101PZ9ljo,2017-06-09T09:21:28Z,314
316,Papa Roach - Born For Greatness (Official Video),https://www.youtube.com/watch?v=6enZdk9LTqs&list=PLFBWgqupDy_scez7w-XB9QHQF3mgAhH3T&index=316,6enZdk9LTqs,2018-02-02T14:00:00Z,315
317,Ruelle - Madness,https://www.youtube.com/watch?v=BnSkt6V3qF0&list=PLFBWgqupDy_scez7w-XB9QHQF3mgAhH3T&index=317,BnSkt6V3qF0,2016-12-22T20:05:49Z,316
318,"The Halluci Nation - R.E.D. Ft. Yasiin Bey, Narcy & Black Bear (Official Video)",https://www.youtube.com/watch?v=_MD8IK19aec&list=PLFBWgqupDy_scez7w-XB9QHQF3mgAhH3T&index=318,_MD8IK19aec,2016-08-18T14:07:29Z,317
319,MISSIO - Bottom of the Deep Blue Sea (Official Video),https://www.youtube.com/watch?v=CFEBriOa1x0&list=PLFBWgqupDy_scez7w-XB9QHQF3mgAhH3T&index=319,CFEBriOa1x0,2017-09-29T07:00:00Z,318
320,Death From Above 1979 - Freeze Me (Official Music Video),https://www.youtube.com/watch?v=sdQqgVzex_w&list=PLFBWgqupDy_scez7w-XB9QHQF3mgAhH3T&index=320,sdQqgVzex_w,2017-06-14T01:15:27Z,319
321,K.Flay - Black Wave,https://www.youtube.com/watch?v=kmKyh5_X4Hk&list=PLFBWgqupDy_scez7w-XB9QHQF3mgAhH3T&index=321,kmKyh5_X4Hk,2017-04-10T04:00:01Z,320
322,Lemaitre - Higher (feat. Maty Noyes),https://www.youtube.com/watch?v=_-k3YtOu9IA&list=PLFBWgqupDy_scez7w-XB9QHQF3mgAhH3T&index=322,_-k3YtOu9IA,2017-05-20T15:00:18Z,321
323,Death From Above 1979 - Freeze Me (Official Music Video),https://www.youtube.com/watch?v=sdQqgVzex_w&list=PLFBWgqupDy_scez7w-XB9QHQF3mgAhH3T&index=323,sdQqgVzex_w,2017-06-14T01:15:27Z,322
324,LAKEY INSPIRED - Better Days,https://www.youtube.com/watch?v=RXLzvo6kvVQ&list=PLFBWgqupDy_scez7w-XB9QHQF3mgAhH3T&index=324,RXLzvo6kvVQ,2017-05-14T01:40:34Z,323
325,"The Chainsmokers, Drew Love - Somebody (Official Video)",https://www.youtube.com/watch?v=tlILlcCE8Sc&list=PLFBWgqupDy_scez7w-XB9QHQF3mgAhH3T&index=325,tlILlcCE8Sc,2018-04-20T14:00:04Z,324
326,Marshmello - Stars (Official Music Video),https://www.youtube.com/watch?v=A57B7B6w3kw&list=PLFBWgqupDy_scez7w-XB9QHQF3mgAhH3T&index=326,A57B7B6w3kw,2018-09-19T13:58:16Z,325
327,[DnB] - Botnek & I See MONSTAS - Deeper Love [Monstercat Release],https://www.youtube.com/watch?v=0yi5e25Fd-g&list=PLFBWgqupDy_scez7w-XB9QHQF3mgAhH3T&index=327,0yi5e25Fd-g,2015-12-04T20:27:21Z,326
328,Kumarion - Want It (DNB Edit),https://www.youtube.com/watch?v=Pisq-Mp60ZE&list=PLFBWgqupDy_scez7w-XB9QHQF3mgAhH3T&index=328,Pisq-Mp60ZE,2023-09-06T16:00:19Z,327
329,TELYKAST - Electric Feeling (Official Visualizer),https://www.youtube.com/watch?v=odddxzVfv_o&list=PLFBWgqupDy_scez7w-XB9QHQF3mgAhH3T&index=329,odddxzVfv_o,2023-09-08T04:00:32Z,328
330,Vicetone - Nevada (ft. Cozi Zuehlsdorff),https://www.youtube.com/watch?v=AnMhdn0wJ4I&list=PLFBWgqupDy_scez7w-XB9QHQF3mgAhH3T&index=330,AnMhdn0wJ4I,2016-06-25T15:00:00Z,329
331,Prismo - Solo,https://www.youtube.com/watch?v=fL1pnzQj5j8&list=PLFBWgqupDy_scez7w-XB9QHQF3mgAhH3T&index=331,fL1pnzQj5j8,2018-08-05T11:00:08Z,330
332,Eminem - Rap God (Explicit),https://www.youtube.com/watch?v=XbGs_qK2PQA&list=PLFBWgqupDy_scez7w-XB9QHQF3mgAhH3T&index=332,XbGs_qK2PQA,2013-11-27T16:50:00Z,331
333,Billie Eilish - bad guy,https://www.youtube.com/watch?v=DyDfgMOUjCI&list=PLFBWgqupDy_scez7w-XB9QHQF3mgAhH3T&index=333,DyDfgMOUjCI,2019-03-29T16:00:04Z,332
334,I Can Do Anything / Finale,https://www.youtube.com/watch?v=RGvKLa0CYzE&list=PLFBWgqupDy_scez7w-XB9QHQF3mgAhH3T&index=334,RGvKLa0CYzE,2022-07-07T10:01:28Z,333
335,twenty one pilots: Stressed Out [OFFICIAL VIDEO],https://www.youtube.com/watch?v=pXRviuL6vMY&list=PLFBWgqupDy_scez7w-XB9QHQF3mgAhH3T&index=335,pXRviuL6vMY,2015-04-28T03:05:18Z,334
336,Lil Nas X - MONTERO (Call Me By Your Name) (Official Video),https://www.youtube.com/watch?v=6swmTBVI83k&list=PLFBWgqupDy_scez7w-XB9QHQF3mgAhH3T&index=336,6swmTBVI83k,2021-03-26T04:00:14Z,335
337,Alan Walker - Alone,https://www.youtube.com/watch?v=1-xGerv5FOk&list=PLFBWgqupDy_scez7w-XB9QHQF3mgAhH3T&index=337,1-xGerv5FOk,2016-12-02T07:59:01Z,336
338,Alan Walker - Faded,https://www.youtube.com/watch?v=60ItHLz5WEA&list=PLFBWgqupDy_scez7w-XB9QHQF3mgAhH3T&index=338,60ItHLz5WEA,2015-12-04T07:00:30Z,337
339,Lost Sky - Fearless pt.II (feat. Chris Linton) | Trap | NCS - Copyright Free Music,https://www.youtube.com/watch?v=S19UcWdOA-I&list=PLFBWgqupDy_scez7w-XB9QHQF3mgAhH3T&index=339,S19UcWdOA-I,2017-12-27T17:04:24Z,338
340,Coolio - Gangsta's Paradise (feat. L.V.) [Official Music Video],https://www.youtube.com/watch?v=fPO76Jlnz6c&list=PLFBWgqupDy_scez7w-XB9QHQF3mgAhH3T&index=340,fPO76Jlnz6c,2017-08-01T16:17:01Z,339
341,The Chainsmokers & Coldplay - Something Just Like This (Official Lyric Video),https://www.youtube.com/watch?v=FM7MFYoylVs&list=PLFBWgqupDy_scez7w-XB9QHQF3mgAhH3T&index=341,FM7MFYoylVs,2017-02-22T21:15:00Z,340
342,Levianth & Acejax - Real Love | Trap | NCS - Copyright Free Music,https://www.youtube.com/watch?v=VMqiNvYa9zA&list=PLFBWgqupDy_scez7w-XB9QHQF3mgAhH3T&index=342,VMqiNvYa9zA,2020-03-17T17:15:00Z,341
343,Imagine Dragons - Bones (Official Music Video),https://www.youtube.com/watch?v=TO-_3tck2tg&list=PLFBWgqupDy_scez7w-XB9QHQF3mgAhH3T&index=343,TO-_3tck2tg,2022-04-06T16:00:15Z,342
344,BoyWithUke - IDGAF ft. blackbear,https://www.youtube.com/watch?v=Q1QcLbkYFaM&list=PLFBWgqupDy_scez7w-XB9QHQF3mgAhH3T&index=344,Q1QcLbkYFaM,2022-03-18T04:00:24Z,343
345,T3NZU - Drive Forever HQ Audio,https://www.youtube.com/watch?v=6RMTt-LakoI&list=PLFBWgqupDy_scez7w-XB9QHQF3mgAhH3T&index=345,6RMTt-LakoI,2022-11-22T13:52:51Z,344
346,Red Right Hand (Single Version) (1998 Remaster),https://www.youtube.com/watch?v=zZI9j4oZen0&list=PLFBWgqupDy_scez7w-XB9QHQF3mgAhH3T&index=346,zZI9j4oZen0,2021-07-21T10:06:54Z,345
347,Soupandreas & inverness - Hours [Monstercat Release],https://www.youtube.com/watch?v=uPOJ4igGPrs&list=PLFBWgqupDy_scez7w-XB9QHQF3mgAhH3T&index=347,uPOJ4igGPrs,2018-05-11T17:32:57Z,346
348,Switch It Up,https://www.youtube.com/watch?v=Dv-dftks75o&list=PLFBWgqupDy_scez7w-XB9QHQF3mgAhH3T&index=348,Dv-dftks75o,2023-07-10T10:01:00Z,347
349,Aaron Smith - Dancin - Krono Remix (Official Video) ft. Luvli,https://www.youtube.com/watch?v=6Nb-prB-4P0&list=PLFBWgqupDy_scez7w-XB9QHQF3mgAhH3T&index=349,6Nb-prB-4P0,2014-11-03T08:00:02Z,348
350,BoyWithUke - Toxic (Official Lyric Video),https://www.youtube.com/watch?v=Mvaosumc4hU&list=PLFBWgqupDy_scez7w-XB9QHQF3mgAhH3T&index=350,Mvaosumc4hU,2021-10-21T14:00:10Z,349
351,Sub Urban - Cradles [Official Music Video],https://www.youtube.com/watch?v=KBtk5FUeJbk&list=PLFBWgqupDy_scez7w-XB9QHQF3mgAhH3T&index=351,KBtk5FUeJbk,2019-10-09T15:00:42Z,350
352,ElyOtto - SugarCrash! (Official Video),https://www.youtube.com/watch?v=6uaq8GJJxAQ&list=PLFBWgqupDy_scez7w-XB9QHQF3mgAhH3T&index=352,6uaq8GJJxAQ,2021-05-04T16:00:06Z,351
353,Tristam - Violence,https://www.youtube.com/watch?v=y0P4znsQVYI&list=PLFBWgqupDy_scez7w-XB9QHQF3mgAhH3T&index=353,y0P4znsQVYI,2020-11-13T05:00:09Z,352
354,Robin Hustin x TobiMorrow - Light It Up (feat. Jex) | Future Bounce | NCS - Copyright Free Music,https://www.youtube.com/watch?v=bdE_SyHad90&list=PLFBWgqupDy_scez7w-XB9QHQF3mgAhH3T&index=354,bdE_SyHad90,2018-08-11T15:39:55Z,353
355,"Hoaprox, YUAN & Haneri - Saviour [Monstercat Release]",https://www.youtube.com/watch?v=2gG09EoYb5o&list=PLFBWgqupDy_scez7w-XB9QHQF3mgAhH3T&index=355,2gG09EoYb5o,2021-06-14T17:00:14Z,354
356,Confetti - Ghost (Lyrics),https://www.youtube.com/watch?v=Ylwd5ugJ2hQ&list=PLFBWgqupDy_scez7w-XB9QHQF3mgAhH3T&index=356,Ylwd5ugJ2hQ,2019-12-24T18:37:28Z,355
357,Koven - Light Up [Monstercat Release],https://www.youtube.com/watch?v=qApSBu6BPIQ&list=PLFBWgqupDy_scez7w-XB9QHQF3mgAhH3T&index=357,qApSBu6BPIQ,2021-03-11T18:00:15Z,356
358,Chester Young and Castion - PYRO,https://www.youtube.com/watch?v=OJPxiY5Q6iE&list=PLFBWgqupDy_scez7w-XB9QHQF3mgAhH3T&index=358,OJPxiY5Q6iE,2019-10-07T11:00:06Z,357
359,Protostar - There and Back [Monstercat Release],https://www.youtube.com/watch?v=1H2Y5p8JpvM&list=PLFBWgqupDy_scez7w-XB9QHQF3mgAhH3T&index=359,1H2Y5p8JpvM,2021-07-19T17:00:12Z,358
360,WRLD - Drift Away [Monstercat Release],https://www.youtube.com/watch?v=fxOjcjl3TFU&list=PLFBWgqupDy_scez7w-XB9QHQF3mgAhH3T&index=360,fxOjcjl3TFU,2017-06-26T17:32:53Z,359
361,WRLD - By Design [Monstercat Release],https://www.youtube.com/watch?v=6-hRrKFkAQE&list=PLFBWgqupDy_scez7w-XB9QHQF3mgAhH3T&index=361,6-hRrKFkAQE,2016-08-03T19:07:59Z,360
362,Anamanaguchi & Flux Pavilion - Dreams [Monstercat Release],https://www.youtube.com/watch?v=XwBse1pfiWg&list=PLFBWgqupDy_scez7w-XB9QHQF3mgAhH3T&index=362,XwBse1pfiWg,2021-11-30T18:00:12Z,361
363,Feint - Fading Wind [Monstercat Release],https://www.youtube.com/watch?v=3VJaJaa8Aco&list=PLFBWgqupDy_scez7w-XB9QHQF3mgAhH3T&index=363,3VJaJaa8Aco,2021-07-12T17:00:14Z,362
364,Koven - Light Up [Monstercat Release],https://www.youtube.com/watch?v=qApSBu6BPIQ&list=PLFBWgqupDy_scez7w-XB9QHQF3mgAhH3T&index=364,qApSBu6BPIQ,2021-03-11T18:00:15Z,363
365,BoyWithUke - Toxic (Official Lyric Video),https://www.youtube.com/watch?v=Mvaosumc4hU&list=PLFBWgqupDy_scez7w-XB9QHQF3mgAhH3T&index=365,Mvaosumc4hU,2021-10-21T14:00:10Z,364
366,Polozhenie by Soulkaouter | Itsarson23,https://www.youtube.com/watch?v=-I04IC_1PUQ&list=PLFBWgqupDy_scez7w-XB9QHQF3mgAhH3T&index=366,-I04IC_1PUQ,2024-02-19T00:35:20Z,365
367,GANK - Resurrection,https://www.youtube.com/watch?v=fkJIloVXXNg&list=PLFBWgqupDy_scez7w-XB9QHQF3mgAhH3T&index=367,fkJIloVXXNg,2022-05-10T16:00:37Z,366
368,Talk to Me | Le Monde - Richard Carter Scene | Full HD,https://www.youtube.com/watch?v=bUg3FrAkkGs&list=PLFBWgqupDy_scez7w-XB9QHQF3mgAhH3T&index=368,bUg3FrAkkGs,2023-09-14T20:34:41Z,367
369,"Lil Nas X, Jack Harlow - INDUSTRY BABY (Official Video)",https://www.youtube.com/watch?v=UTHLKHL_whs&list=PLFBWgqupDy_scez7w-XB9QHQF3mgAhH3T&index=369,UTHLKHL_whs,2021-07-23T04:00:12Z,368
370,Marshmello - Alone (Official Music Video),https://www.youtube.com/watch?v=ALZHF5UqnU4&list=PLFBWgqupDy_scez7w-XB9QHQF3mgAhH3T&index=370,ALZHF5UqnU4,2016-07-02T18:02:11Z,369
371,"TheFatRat, Slaydit & Anjulie - Stronger [Monstercat Release]",https://www.youtube.com/watch?v=gHgv19ip-0c&list=PLFBWgqupDy_scez7w-XB9QHQF3mgAhH3T&index=371,gHgv19ip-0c,2019-06-24T20:01:49Z,370
372,Blue (Da Ba Dee) (Video Edit),https://www.youtube.com/watch?v=kyzIQKuSqBs&list=PLFBWgqupDy_scez7w-XB9QHQF3mgAhH3T&index=372,kyzIQKuSqBs,2015-06-23T16:55:24Z,371
373,David Guetta & Bebe Rexha - I'm Good (Blue) [Official Music Video],https://www.youtube.com/watch?v=90RLzVUuXe4&list=PLFBWgqupDy_scez7w-XB9QHQF3mgAhH3T&index=373,90RLzVUuXe4,2022-09-20T15:00:12Z,372
374,R3HAB x A Touch Of Class - All Around The World (La La La) (Official Video),https://www.youtube.com/watch?v=LQ7R9zHeDy8&list=PLFBWgqupDy_scez7w-XB9QHQF3mgAhH3T&index=374,LQ7R9zHeDy8,2019-04-05T12:58:15Z,373
375,"Gabry Ponte, LUM!X, Prezioso - Thunder",https://www.youtube.com/watch?v=vdzHlbFItlw&list=PLFBWgqupDy_scez7w-XB9QHQF3mgAhH3T&index=375,vdzHlbFItlw,2021-05-07T12:02:34Z,374
376,g3ox_em - GigaChad Theme (Phonk House Version),https://www.youtube.com/watch?v=OVh0bMNSFss&list=PLFBWgqupDy_scez7w-XB9QHQF3mgAhH3T&index=376,OVh0bMNSFss,2022-08-18T14:56:08Z,375
377,Lost Sky - Dreams pt. II (feat. Sara Skinner) | Trap | NCS - Copyright Free Music,https://www.youtube.com/watch?v=L7kF4MXXCoA&list=PLFBWgqupDy_scez7w-XB9QHQF3mgAhH3T&index=377,L7kF4MXXCoA,2018-12-25T16:03:11Z,376
378,Imagine Dragons x J.I.D - Enemy (from the series Arcane League of Legends),https://www.youtube.com/watch?v=D9G1VOjN_84&list=PLFBWgqupDy_scez7w-XB9QHQF3mgAhH3T&index=378,D9G1VOjN_84,2021-10-28T11:00:09Z,377
379,"Alan Walker, K-391, Tungevaag, Mangoo - PLAY (Alan Walker's Video)",https://www.youtube.com/watch?v=YQRHrco73g4&list=PLFBWgqupDy_scez7w-XB9QHQF3mgAhH3T&index=379,YQRHrco73g4,2019-08-30T07:00:13Z,378
380,Prismo - Home,https://www.youtube.com/watch?v=c-URLWo7oSw&list=PLFBWgqupDy_scez7w-XB9QHQF3mgAhH3T&index=380,c-URLWo7oSw,2022-06-17T17:00:31Z,379
381,Unknown Brain - Jungle of Love (ft. Glaceo) | Trap | NCS - Copyright Free Music,https://www.youtube.com/watch?v=ohymkBe4zhg&list=PLFBWgqupDy_scez7w-XB9QHQF3mgAhH3T&index=381,ohymkBe4zhg,2020-11-24T17:15:01Z,380
382,Unknown Brain & Hoober - Phenomenon (ft. Dax & VinDon) | Hype | NCS - Copyright Free Music,https://www.youtube.com/watch?v=LO9vChXMBp8&list=PLFBWgqupDy_scez7w-XB9QHQF3mgAhH3T&index=382,LO9vChXMBp8,2020-11-21T16:15:01Z,381
383,Seven Lions feat. Lights - Stop Thinking (MitiS Remix),https://www.youtube.com/watch?v=sHH4XtwAPlA&list=PLFBWgqupDy_scez7w-XB9QHQF3mgAhH3T&index=383,sHH4XtwAPlA,2023-03-31T15:00:49Z,382
384,Xff Drevm,https://www.youtube.com/watch?v=djoNoh8eF9Y&list=PLFBWgqupDy_scez7w-XB9QHQF3mgAhH3T&index=384,djoNoh8eF9Y,2023-07-27T10:02:17Z,383
385,Swif7 - Don't Wanna Sleep,https://www.youtube.com/watch?v=gTkvuoBMpjw&list=PLFBWgqupDy_scez7w-XB9QHQF3mgAhH3T&index=385,gTkvuoBMpjw,2020-06-29T11:15:01Z,384
386,Tom Odell - Another Love (Official Video),https://www.youtube.com/watch?v=MwpMEbgC7DA&list=PLFBWgqupDy_scez7w-XB9QHQF3mgAhH3T&index=386,MwpMEbgC7DA,2012-11-05T08:00:15Z,385
387,Fall Out Boy - Centuries (Official Video),https://www.youtube.com/watch?v=LBr7kECsjcQ&list=PLFBWgqupDy_scez7w-XB9QHQF3mgAhH3T&index=387,LBr7kECsjcQ,2014-10-17T16:00:14Z,386
388,TheFatRat - Fly Away feat. Anjulie,https://www.youtube.com/watch?v=cMg8KaMdDYo&list=PLFBWgqupDy_scez7w-XB9QHQF3mgAhH3T&index=388,cMg8KaMdDYo,2017-06-02T14:58:41Z,387
389,"The Chainsmokers, bludnymph - Self Destruction Mode (Official Video)",https://www.youtube.com/watch?v=DrKA7sKOhws&list=PLFBWgqupDy_scez7w-XB9QHQF3mgAhH3T&index=389,DrKA7sKOhws,2023-06-02T04:00:10Z,388
390,RYLLZ - Nemesis,https://www.youtube.com/watch?v=Z6pPLL5iUSE&list=PLFBWgqupDy_scez7w-XB9QHQF3mgAhH3T&index=390,Z6pPLL5iUSE,2018-12-01T10:00:08Z,389
391,TheFatRat - Xenogenesis (Outro Song),https://www.youtube.com/watch?v=2Ax_EIb1zks&list=PLFBWgqupDy_scez7w-XB9QHQF3mgAhH3T&index=391,2Ax_EIb1zks,2014-11-29T18:01:25Z,390
392,Pain,https://www.youtube.com/watch?v=UlaEzkuCvoA&list=PLFBWgqupDy_scez7w-XB9QHQF3mgAhH3T&index=392,UlaEzkuCvoA,2019-01-11T10:16:38Z,391
393,Barren Gates - Devil | Trap | NCS - Copyright Free Music,https://www.youtube.com/watch?v=htV2wG5rWHw&list=PLFBWgqupDy_scez7w-XB9QHQF3mgAhH3T&index=393,htV2wG5rWHw,2019-07-20T15:15:01Z,392
394,TONES AND I - DANCE MONKEY (OFFICIAL VIDEO),https://www.youtube.com/watch?v=q0hyYWKXF0Q&list=PLFBWgqupDy_scez7w-XB9QHQF3mgAhH3T&index=394,q0hyYWKXF0Q,2019-06-24T22:01:36Z,393
395,Unknown Brain x Rival - Control (ft. Jex) [Lyric Video],https://www.youtube.com/watch?v=d455TYstD_w&list=PLFBWgqupDy_scez7w-XB9QHQF3mgAhH3T&index=395,d455TYstD_w,2018-10-21T10:00:03Z,394
396,Warriyo - Mortals (ft. Laura Brehm),https://www.youtube.com/watch?v=zFXl1sjTdms&list=PLFBWgqupDy_scez7w-XB9QHQF3mgAhH3T&index=396,zFXl1sjTdms,2016-12-15T18:00:03Z,395
397,MYLK - Mermaid [Monstercat Release],https://www.youtube.com/watch?v=T0jEdLndlUw&list=PLFBWgqupDy_scez7w-XB9QHQF3mgAhH3T&index=397,T0jEdLndlUw,2021-08-03T17:00:11Z,396
398,Arlow - Freefall | DnB | NCS - Copyright Free Music,https://www.youtube.com/watch?v=SxfSpqFWJAg&list=PLFBWgqupDy_scez7w-XB9QHQF3mgAhH3T&index=398,SxfSpqFWJAg,2020-06-20T15:15:00Z,397
399,Really Slow Motion - Deadwood (Epic Dark Rock Action),https://www.youtube.com/watch?v=T8BI2fKzdys&list=PLFBWgqupDy_scez7w-XB9QHQF3mgAhH3T&index=399,T8BI2fKzdys,2015-11-18T21:02:20Z,398
400,TheFatRat - Unity,https://www.youtube.com/watch?v=n8X9_MgEdCg&list=PLFBWgqupDy_scez7w-XB9QHQF3mgAhH3T&index=400,n8X9_MgEdCg,2014-09-29T14:40:27Z,399
401,NEFFEX - Grateful [Copyright Free] No.54,https://www.youtube.com/watch?v=83RUhxsfLWs&list=PLFBWgqupDy_scez7w-XB9QHQF3mgAhH3T&index=401,83RUhxsfLWs,2018-02-28T17:20:20Z,400
402,Sam Tinnesz - Wolves feat. Silverberg [Official Audio],https://www.youtube.com/watch?v=s2uLELuQvjw&list=PLFBWgqupDy_scez7w-XB9QHQF3mgAhH3T&index=402,s2uLELuQvjw,2017-08-25T16:03:12Z,401
403,Benson Boone - Beautiful Things (Official Music Video),https://www.youtube.com/watch?v=Oa_RSwwpPaA&list=PLFBWgqupDy_scez7w-XB9QHQF3mgAhH3T&index=403,Oa_RSwwpPaA,2024-01-18T23:00:13Z,402
404,Never Be Alone (FNAF4 Song) - Shadrow,https://www.youtube.com/watch?v=uQpKzPCBqc4&list=PLFBWgqupDy_scez7w-XB9QHQF3mgAhH3T&index=404,uQpKzPCBqc4,2016-01-24T01:55:53Z,403
405,grandson: Blood//Water [King Kavalier Remix],https://www.youtube.com/watch?v=xOEvdWn8izU&list=PLFBWgqupDy_scez7w-XB9QHQF3mgAhH3T&index=405,xOEvdWn8izU,2018-09-14T15:05:48Z,404
406,Imran Khan - Satisfya (Official Music Video),https://www.youtube.com/watch?v=pfVODjDBFxU&list=PLFBWgqupDy_scez7w-XB9QHQF3mgAhH3T&index=406,pfVODjDBFxU,2013-05-10T13:50:51Z,405
407,RYLLZ - Purgatory,https://www.youtube.com/watch?v=Lfc86zmw5so&list=PLFBWgqupDy_scez7w-XB9QHQF3mgAhH3T&index=407,Lfc86zmw5so,2019-11-21T10:45:10Z,406
408,TheFatRat - Hunger [Chapter 2],https://www.youtube.com/watch?v=whFmuLRRPKU&list=PLFBWgqupDy_scez7w-XB9QHQF3mgAhH3T&index=408,whFmuLRRPKU,2023-05-10T14:00:10Z,407
409,Julius Dreisig & Zeus X Crona - Invisible | Trap | NCS - Copyright Free Music,https://www.youtube.com/watch?v=QglaLzo_aPk&list=PLFBWgqupDy_scez7w-XB9QHQF3mgAhH3T&index=409,QglaLzo_aPk,2018-10-27T15:14:27Z,408
410,The Score - Bad Days (Official Audio),https://www.youtube.com/watch?v=t2llZuLVqsw&list=PLFBWgqupDy_scez7w-XB9QHQF3mgAhH3T&index=410,t2llZuLVqsw,2022-07-22T04:00:23Z,409
411,The Score - Superhuman (Official Visualizer),https://www.youtube.com/watch?v=xlRKXtIg080&list=PLFBWgqupDy_scez7w-XB9QHQF3mgAhH3T&index=411,xlRKXtIg080,2024-11-08T05:00:48Z,410
412,Smallpools - Run With the Bulls (Official Video),https://www.youtube.com/watch?v=SSJwQPzIrxQ&list=PLFBWgqupDy_scez7w-XB9QHQF3mgAhH3T&index=412,SSJwQPzIrxQ,2016-12-01T18:09:15Z,411
413,NEFFEX x NCS - DESPERATE ⛓ (Copyright-Free) No.203,https://www.youtube.com/watch?v=BVy9MApx9KA&list=PLFBWgqupDy_scez7w-XB9QHQF3mgAhH3T&index=413,BVy9MApx9KA,2023-04-28T16:00:08Z,412
414,Axwell Λ Ingrosso - Renegade (Lyric Video),https://www.youtube.com/watch?v=GnUCM1VfQro&list=PLFBWgqupDy_scez7w-XB9QHQF3mgAhH3T&index=414,GnUCM1VfQro,2017-05-17T12:00:01Z,413
415,alt-J (∆) - Fitzpleasure (Official Video),https://www.youtube.com/watch?v=npvNPORFXpc&list=PLFBWgqupDy_scez7w-XB9QHQF3mgAhH3T&index=415,npvNPORFXpc,2012-11-05T15:47:19Z,414
416,Daydream,https://www.youtube.com/watch?v=uQoHmfi8FEw&list=PLFBWgqupDy_scez7w-XB9QHQF3mgAhH3T&index=416,uQoHmfi8FEw,2022-03-17T15:33:03Z,415
417,Sweater Weather,https://www.youtube.com/watch?v=Ao81ziiXHhs&list=PLFBWgqupDy_scez7w-XB9QHQF3mgAhH3T&index=417,Ao81ziiXHhs,2020-06-16T22:41:08Z,416
418,Ruelle - Hold Your Breath (Official Audio),https://www.youtube.com/watch?v=P3BPLzPOCxo&list=PLFBWgqupDy_scez7w-XB9QHQF3mgAhH3T&index=418,P3BPLzPOCxo,2017-06-27T04:14:44Z,417
419,ODESZA - A Moment Apart - Official Audio,https://www.youtube.com/watch?v=xarC5jAiO7w&list=PLFBWgqupDy_scez7w-XB9QHQF3mgAhH3T&index=419,xarC5jAiO7w,2017-09-08T16:04:40Z,418
420,Tokyo Machine - PLAY [Monstercat Release],https://www.youtube.com/watch?v=RhR_Z5wVvJM&list=PLFBWgqupDy_scez7w-XB9QHQF3mgAhH3T&index=420,RhR_Z5wVvJM,2019-02-28T18:00:04Z,419
421,Avicii - The Nights,https://www.youtube.com/watch?v=UtF6Jej8yb4&list=PLFBWgqupDy_scez7w-XB9QHQF3mgAhH3T&index=421,UtF6Jej8yb4,2014-12-15T17:00:05Z,420
422,OneRepublic - Counting Stars,https://www.youtube.com/watch?v=hT_nvWreIhg&list=PLFBWgqupDy_scez7w-XB9QHQF3mgAhH3T&index=422,hT_nvWreIhg,2013-05-31T07:00:36Z,421
423,TOKYO MACHINE - CHEAT CODES | Dubstep | NCS - Copyright Free Music,https://www.youtube.com/watch?v=DusljS8XLlY&list=PLFBWgqupDy_scez7w-XB9QHQF3mgAhH3T&index=423,DusljS8XLlY,2024-12-14T11:09:00Z,422
424,Immortals,https://www.youtube.com/watch?v=PHn5Q7hCjxw&list=PLFBWgqupDy_scez7w-XB9QHQF3mgAhH3T&index=424,PHn5Q7hCjxw,2018-07-26T20:24:42Z,423
425,Bohnes - Middle Finger,https://www.youtube.com/watch?v=k2z34nkfA9Q&list=PLFBWgqupDy_scez7w-XB9QHQF3mgAhH3T&index=425,k2z34nkfA9Q,2015-12-17T18:02:34Z,424
426,Vicetone feat. Kat Nestel - Angels (Official Video),https://www.youtube.com/watch?v=eq5Fp9uvc8U&list=PLFBWgqupDy_scez7w-XB9QHQF3mgAhH3T&index=426,eq5Fp9uvc8U,2015-04-24T19:23:57Z,425
427,Vicetone feat. Kat Nestel - Angels (Official Video),https://www.youtube.com/watch?v=eq5Fp9uvc8U&list=PLFBWgqupDy_scez7w-XB9QHQF3mgAhH3T&index=427,eq5Fp9uvc8U,2015-04-24T19:23:57Z,426
428,RYLLZ - Nemesis Pt. II (Ft. Bella Renee) (Lyrics),https://www.youtube.com/watch?v=FwJr993wyIU&list=PLFBWgqupDy_scez7w-XB9QHQF3mgAhH3T&index=428,FwJr993wyIU,2022-11-04T14:35:20Z,427
429,BoyWithUke - Understand,https://www.youtube.com/watch?v=T2fjQrsKbAM&list=PLFBWgqupDy_scez7w-XB9QHQF3mgAhH3T&index=429,T2fjQrsKbAM,2022-05-06T04:00:09Z,428
430,Galantis - Runaway (U & I) (Official Video),https://www.youtube.com/watch?v=5XR7naZ_zZA&list=PLFBWgqupDy_scez7w-XB9QHQF3mgAhH3T&index=430,5XR7naZ_zZA,2015-01-19T22:00:33Z,429
431,Marshmello ft. Bastille - Happier (Official Music Video),https://www.youtube.com/watch?v=m7Bc3pLyij0&list=PLFBWgqupDy_scez7w-XB9QHQF3mgAhH3T&index=431,m7Bc3pLyij0,2018-09-24T13:58:16Z,430
432,"SIAMÉS ""The Wolf"" [Official Animated Music Video]",https://www.youtube.com/watch?v=lX44CAz-JhU&list=PLFBWgqupDy_scez7w-XB9QHQF3mgAhH3T&index=432,lX44CAz-JhU,2017-04-21T21:30:36Z,431
433,ANTIHUMAN,https://www.youtube.com/watch?v=jtnoDnOo_nE&list=PLFBWgqupDy_scez7w-XB9QHQF3mgAhH3T&index=433,jtnoDnOo_nE,2023-08-26T00:30:08Z,432
434,NEFFEX - Losing My Mind 🧠 [Copyright-Free] No.159,https://www.youtube.com/watch?v=yUVeuSDCg6w&list=PLFBWgqupDy_scez7w-XB9QHQF3mgAhH3T&index=434,yUVeuSDCg6w,2022-06-22T16:00:12Z,433
435,Voices in my head (feat. Snuffles),https://www.youtube.com/watch?v=H0AjSrITmXQ&list=PLFBWgqupDy_scez7w-XB9QHQF3mgAhH3T&index=435,H0AjSrITmXQ,2021-08-17T10:09:47Z,434
436,A Thousand Years (Radio Edit),https://www.youtube.com/watch?v=mwh3b5eN3nw&list=PLFBWgqupDy_scez7w-XB9QHQF3mgAhH3T&index=436,mwh3b5eN3nw,2017-03-02T15:00:22Z,435
437,Saint Chaos - Blind Spot (Official Music Video),https://www.youtube.com/watch?v=kR2IkMgGfaU&list=PLFBWgqupDy_scez7w-XB9QHQF3mgAhH3T&index=437,kR2IkMgGfaU,2021-09-03T13:00:29Z,436
438,NEVERLAND,https://www.youtube.com/watch?v=W2E2jRtMw-E&list=PLFBWgqupDy_scez7w-XB9QHQF3mgAhH3T&index=438,W2E2jRtMw-E,2025-03-03T20:00:06Z,437
439,Jamie Duffy - Solas (Official Video),https://www.youtube.com/watch?v=ZT0aOrjIcVE&list=PLFBWgqupDy_scez7w-XB9QHQF3mgAhH3T&index=439,ZT0aOrjIcVE,2022-10-14T14:00:09Z,438
440,I cant stop making mistakes - snuffles,https://www.youtube.com/watch?v=GS3qN6EIGk4&list=PLFBWgqupDy_scez7w-XB9QHQF3mgAhH3T&index=440,GS3qN6EIGk4,2025-09-26T04:00:05Z,439